Workbook

Sheet README
A1: This Google Sheet integrates visually interpreted data from Collect Earth Online (CEO), combined with a stratification to calculate estimates of deforestation and degradation with confidence intervals
A3: The sheet automatically collects column names and summarizes points, and uses strata areas from Google Earth Engine to make calculations at national, sub-national levels and by identified forest type
A4: The complete methodology, including all scripts is described here (in French) here: https://docs.google.com/document/d/1oGOAG-H-6nFh565Dp0bW2z1715TN7OL4ReVbOHmaknk/edit?usp=sharing
A5: For more information contact aurelie.shapiro@fao.org or remi.dannunzio@fao.org
A7: To initiate the calculations you only need to import the CEO file into the CEO-2015-2023 sheet using File -> Import.
A8: and then enter the strata areas from GEE for 2015-2022 and 2022-2023
A9: The column addresses are all automatically generated
G10: Classification Scheme
A11: Sheet Name | B11: Description | G11: Code DDD | H11: Groupe DDD | I11: Code SEPAL | J11: Code CollectEarth | K11: Code GEE | L11: Nom | M11: Nom Espanol | N11: Name English | O11: Description | P11: Description English | Q11: Color Name | R11: Color Code | S11: CAR | T11: CMR | U11: COD | V11: COG | W11: EQG | X11: GAB
A12: CEO 2015-2023 | B12: Cleaned data from SEPAL using the scripts: https://github.com/aurelgrooves/CAFI_DDD | G12: 1 | H12: Forêt | I12: 1 | J12: 1 | K12: 1 | L12: Forêt Dense | M12: Bosque denso | N12: Dense Forest | O12: Forêt dense humide primaire sur terre ferme, >60% arborée | P12: Dense humid primary forest on terra firme, >60% tree cover | Q12: darkgreen | R12: #006400 | S12: X | T12: X | U12: X | V12: X | W12: X | X12: X
A13: TNT 2015-2022 | B13: Sample based area estimation for 2015-2022 stratification | G13: 2 | H13: Forêt | I13: 2 | J13: 2 | K13: 2 | L13: Forêt Dense Sèche | M13: Bosque denso seco | N13: Dense Dry Forest | O13: Forêt dense, >60% couverture arborée avec des saisons sèches | P13: Dense forest, >60% tree cover with dry seasons | Q13: green | R13: #32cd32 | S13: X | T13: X | U13: X | X13: X
A14: TNT 2023 | B14: Sample based area estimation for 2023 stratification | G14: 3 | H14: Forêt | I14: 3 | J14: 3 | K14: 3 | L14: Forêt Secondaire | M14: Bosque secundario | N14: Secondary Forest | O14: Forêt ouvert 30-60% couverture arborée, dégradée ou secondaire | P14: Open forest 30-60% tree cover, degraded or secondary | Q14: lime green | R14: #00ff00 | S14: X | T14: X | U14: X | V14: X | W14: X | X14: X
A15: National Summary 2015-2023 | B15: National data compiled for all years with forest area, deforestation rate | G15: 4 | H15: Forêt | I15: 4 | J15: 4 | K15: 4 | L15: Forêt Claire Sèche | M15: Bosque claro Seco | N15: Dry Open Forest | O15: Forêt claire sèche 30-60% couverture arborée, avec des saisons sèches | P15: Dry open forest 30-60% tree cover, with dry seasons | Q15: sea green | R15: #2e8b57 | S15: X | T15: X | U15: X
A16: Prefectures TNT 2015-2022 | B16: Sample based area estimation for 2015-2022 by sub-national area (drop down with names in cell A1) | G16: 5 | H16: Forêt | I16: 1 | J16: 5 | K16: 5 | L16: Forêt Sub-Montagnarde | M16: Bosque sub-montañoso | N16: Sub-Montane Forest | O16: Forêt >30% de couverture arborée, 1100-1750m en altitude | P16: Forest >30% tree cover, 1100-1750m altitude | Q16: cadet blue | R16: #5f9ea0 | T16: X | U16: X | W16: X | X16: X
A17: Prefectures TNT 2023 | B17: Sample based area estimation for 2023 by sub-national area (drop down with names in cell A1) | G17: 6 | H17: Forêt | I17: 1 | J17: 6 | K17: 6 | L17: Forêt Montagnarde | M17: Bosque montañoso | N17: Montane Forest | O17: Forêt >30% de couverture arborée, >1750m en altitude | P17: Forest >30% tree cover, >1750m altitude | Q17: turquoise | R17: #30d5c8 | T17: X | U17: X | W17: X
A18: Prefecture Summary 2015-2023 | B18: Sub-national data compiled for all years | G18: 7 | H18: Forêt | I18: 5 | J18: 7 | K18: 7 | L18: Mangrove | M18: Manglar | N18: Mangrove | O18: Forêt >30% de couverture arborée, sol hydromorphe | P18: Forest >30% tree cover, hydromorphic soil | Q18: purple | R18: #8b008b | T18: X | U18: X | V18: X | W18: X | X18: X
A19: Forest Types TNT 2015-2022 | B19: Sample based area estimation for 2015-2022 by forest type | G19: 8 | H19: Forêt | I19: 6 | J19: 8 | K19: 8 | L19: Forêt Marécageuse | M19: Bosque pantanoso | N19: Swamp Forest | O19: Forêt marécageuse mixte >30% couverture arborée, sol inondée >9 mois | P19: Mixed swamp forest >30% tree cover, soil flooded >9 months | Q19: magenta | R19: #008081 | S19: X | T19: X | U19: X | V19: X | W19: X | X19: X
A20: Forest Types TNT 2023 | B20: Sample based area estimation for 2023 by forest type | G20: 9 | H20: Forêt | I20: 7 | J20: 9 | K20: 9 | L20: Forêt Galérie | M20: Bosque en galería | N20: Gallery Forest | O20: Foret ripicole en fond de vallée ou en bordure de rivière | P20: Riparian forest on valley floor or river bank | Q20: dark sea green | R20: #0C343D | S20: X | T20: X | U20: X | V20: X | W20: X | X20: X
A21: Forest Types Summary 2015-2023 | B21: Sample based area estimation for forest types compiled for all years | G21: 10 | H21: Forêt | I21: X | J21: 10 | K21: X | L21: Plantation Forestière Mature | M21: Plantación forestal madura | N21: Mature Forest Plantation | O21: Couverture arborée >15% végétation cultivée/gérée | P21: Tree cover >15% cultivated/managed vegetation | Q21: saddle brown | R21: #8b4513 | S21: X | T21: X | U21: X | V21: X | W21: X | X21: X
A22: <Prefecture name> TNT 2015-2022 | B22: Sub-national sample based area estimation for 2015-2022 stratification (1 sheet for each area) | G22: 11 | H22: Forêt | I22: 8 | J22: 11 | K22: 10 | L22: Savane Arborée | M22: Sabana arbórea | N22: Woodland Savanna | O22: Savane boisée 15-30% arboré et arbustive > définition nationale | P22: Wooded savannah 15-30% trees and shrubs > national definition | Q22: olive drab | R22: #6b8e23 | S22: X | T22: X | U22: X | V22: X
A23: <Prefecture name> TNT 2023 | B23: Sub-national sample based area estimation for 2023 stratification (1 sheet for each area) | G23: 12 | H23: Non-Forêt | I23: 9 | J23: 12 | K23: 11 | L23: Savane Arbustive | M23: Sabana arbustiva | N23: Shrubland Savanna | O23: Savane >15% arbustive | P23: Savannah >15% shrubby | Q23: pale golden rod | R23: #eee8aa | S23: X | T23: X | U23: X | V23: X | W23: X | X23: X
G24: 13 | H24: Non-Forêt | I24: 10 | J24: 13 | K24: 12 | L24: Savane Herbacée | M24: Sabana herbácea | N24: Grassland Savanna | O24: Savanne herbacée <15% arbustive ou arborée | P24: Herbaceous savannah <15% shrub or tree cover | Q24: khaki | R24: #c3b091 | S24: X | T24: X | U24: X | V24: X | W24: X | X24: X
A25: CEO 2015-2023 Column names | B25: Description | C25: Values | G25: 14 | H25: Non-Forêt | I25: 11 | J25: 14 | K25: 13 | L25: Prairie Aquatique | M25: Pradera acuática | N25: Aquatic Grassland | O25: Couverture herbacée aquatique ou régulièrement inondée | P25: Aquatic or regularly flooded herbaceous cover | Q25: steel blue | R25: #4682b4 | S25: X | T25: X | U25: X | V25: X | W25: X | X25: X
A26: UID | B26: unique identifier | C26: integer | G26: 15 | H26: Non-Forêt | I26: 12 | J26: 15 | K26: 14 | L26: Sols Nus - Végétation Éparse | M26: Suelo desnudo-Vegetación escasa | N26: Bare Land and Sparse Vegetation | O26: <15% végétation | P26: <15% vegetation | Q26: grey | R26: #808080 | S26: X | T26: X | U26: X | V26: X | W26: X | X26: X
A27: TNT_stratum_1522 | B27: Stratum number for 2015-2022 | C27: integer (1-5) | G27: 16 | H27: Non-Forêt | I27: 13 | J27: 16 | K27: 15 | L27: Terres Cultivées | M27: Tierras cultivadas | N27: Cultivated Areas | O27: Couverture arbustive cultivée >15% arbustif/herbacée/arborée | P27: Cultivated shrub cover >15% shrub/herbaceous/arboreal | Q27: tan | R27: #d2b48c | S27: X | T27: X | U27: X | V27: X | W27: X | X27: X
A28: TNT_stratum_2223 | B28: Straum number of 2022-2023 | C28: integer (1-5) | G28: 17 | H28: Non-Forêt | I28: 14 | J28: 17 | K28: 16 | L28: Zones Bâties | M28: Zonas edifiadas | N28: Built-up Areas | O28: Présence humaine | P28: Human presence | Q28: maroon | R28: #800000 | S28: X | T28: X | U28: X | V28: X | W28: X | X28: X
A29: ID | B29: identifier from the CEO project | C29: integer | G29: 18 | H29: Non-Forêt | I29: 15 | J29: 18 | K29: 17 | L29: Eau | M29: Agua | N29: Water | O29: Eau > 50% | P29: Water >50% | Q29: blue | R29: #0000ff | S29: X | T29: X | U29: X | V29: X | W29: X | X29: X
A30: plotid | B30: CEO plot id | C30: integer
A31: point_id | B31: eSBAE systematic grid point identifier | C31: integer
A32: sampleid | B32: identifier for 2023 points | C32: integer
A33: lon | B33: longitude coordinate | C33: decimal numeral
A34: lat | B34: latitude coordinate | C34: decimal numeral
A35: geometry | B35: geopandas geometry | C35: POINT (Lat,Lon)
A36: Ref_FNF_2015 | B36: Forest or non-forest in 2015 | C36: 0 (non-forest), 1 (forest)
A37: Ref_Regeneration | B37: Observed regeneration | C37: 0= no regeneration, 1 = regeneration
A38: Ref_Change_1522 | B38: Change observed 2015-2022 | C38: o=no change, 1= change
A39: Ref_Change_Type_1522 | B39: Type of change observed 2015-2022 | C39: Stable, NF (non-forest); Def (deforestation), Deg (degradation)
A40: ArtFor | B40: Artisanal forestry driver presence | C40: 1=present, 0=absent
A41: ArtMine | B41: Artisanal minitng driver presence | C41: 1=present, 0=absent
... A134: Prefecture (or Province) | B134: sub-national administration name | C134: Stable, NF (non-forest); Def####(deforestation year), Deg#### (degradation year)

Sheet CEO 2015-2023
A1: geometry | B1: UID | C1: TNT_stratum_1522 | D1: TNT_stratum_2223 | E1: ID | F1: plotid | G1: point_id | H1: sampleid | I1: lon | J1: lat | K1: Ref_FNF_2015 | L1: Ref_Regeneration | M1: Ref_Change_1522 | N1: Ref_Change_Type_1522 | O1: ArtFor | P1: ArtMine | Q1: InfraR | R1: Urb | S1: IndFor | T1: Other | U1: Other_Desc | V1: IndMine | W1: IndAg | X1: ArtAg | Y1: Ref_Year_1522 | Z1: Ref_NFtype_2015 | AA1: Ref_Ftype_2015 | AB1: collection | AC1: interpreted | AD1: Ref_LCover_2015 | AE1: Ref_Change_Year_1522 | AF1: Ref_Change_LCover_1522 | AG1: Def2016 | AH1: Def2017 | AI1: Def2018 | AJ1: Def2019 | AK1: Def2020 | AL1: Def2021 | AM1: Def2022 | AN1: Deg2016 | AO1: Deg2017 | AP1: Deg2018 | AQ1: Deg2019 | AR1: Deg2020 | AS1: Deg2021 | AT1: Deg2022 | AU1: Defall | AV1: Degall | AW1: Stable | AX1: NF | AY1: DensFor | AZ1: DensDryFor | BA1: SecFor | BB1: DryOpenFor | BC1: Mangrove | BD1: Swamp | BE1: Gallery | BF1: Plantation | BG1: Woodland | BH1: Shrubland | BI1: Grassland | BJ1: Aquatic | BK1: Bare | BL1: Cultivated | BM1: Builtup | BN1: Water | BO1: DensFor_Def | BP1: DensDryFor_Def | BQ1: SecFor_Def | BR1: DryOpenFor_Def | BS1: Mangrove_Def | BT1: Swamp_Def | BU1: Gallery_Def | BV1: Plantation_Def | BW1: Woodland_Def | BX1: DensFor_Deg | BY1: DensDryFor_Deg | BZ1: SecFor_Deg | CA1: DryOpenFor_Deg | CB1: Mangrove_Deg | CC1: Swamp_Deg | CD1: Gallery_Deg | CE1: Plantation_Deg | CF1: Woodland_Deg | CG1: DensFor_Stable | CH1: DensDryFor_Stable | CI1: SecFor_Stable | CJ1: DryOpenFor_Stable | CK1: Mangrove_Stable | CL1: Swamp_Stable | CM1: Gallery_Stable | CN1: Plantation_Stable | CO1: Woodland_Stable | CP1: ISO | CQ1: sampling | CR1: Ref_FNF_2022 | CS1: Ref_Change_2023 | CT1: Ref_Change_Type_2023 | CU1: Ref_NFtype_2022 | CV1: Ref_Ftype_2022 | CW1: Ref_LCover_2022 | CX1: Ref_Change_Year_2023 | CY1: Ref_Change_LCover_2023 | CZ1: Def2023 | DA1: Deg2023 | DB1: interpreted_qc | DC1: Ref_Change_Type_1523 | DD1: Ref_Change_Year_1523 | DE1: Prefecture
A2: POINT (15.352268 7.276064) | B2: 0 | C2: 1 | D2: 5 | E2: 0 | F2: 1722 | G2: 1722 | H2: 1722 | I2: 15.352268 | J2: 7.276064 | K2: 1 | M2: 1 | N2: Def | O2: 0 | P2: 0 | Q2: 0 | R2: 0 | S2: 0 | T2: 0 | V2: 0 | W2: 0 | X2: 1 | Y2: 2017 | AA2: 3 | AB2: coll_1522_1 | AC2: 1 | AD2: 3 | AE2: Def2017 | AF2: Def_3 | AG2: 0 | AH2: 1 | AI2: 0 | AJ2: 0 | AK2: 0 | AL2: 0 | AM2: 0 | AN2: 0 | AO2: 0 | AP2: 0 | AQ2: 0 | AR2: 0 | AS2: 0 | AT2: 0 | AU2: 1 | AV2: 0 | AW2: 0 | AX2: 0 | AY2: 0 | AZ2: 0 | BA2: 1 | BB2: 0 | BC2: 0 | BD2: 0 | BE2: 0 | BF2: 0 | BG2: 0 | BH2: 0 | BI2: 0 | BJ2: 0 | BK2: 0 | BL2: 0 | BM2: 0 | BN2: 0 | BO2: 0 | BP2: 0 | BQ2: 1 | BR2: 0 | BS2: 0 | BT2: 0 | BU2: 0 | BV2: 0 | BW2: 0 | BX2: 0 | BY2: 0 | BZ2: 0 | CA2: 0 | CB2: 0 | CC2: 0 | CD2: 0 | CE2: 0 | CF2: 0 | CG2: 0 | CH2: 0 | CI2: 0 | CJ2: 0 | CK2: 0 | CL2: 0 | CM2: 0 | CN2: 0 | CO2: 0 | CP2: CAF | CQ2: ceo_1522 | DC2: Def | DD2: Def2017 | DE2: Ouham Pendé
A3: POINT (22.98635 8.020981) | B3: 1 | C3: 1 | D3: 2 | E3: 1 | F3: 378369 | G3: 378369 | H3: 378369 | I3: 22.98635 | J3: 8.020981 | K3: 0 | L3: oui | M3: 0 | N3: NF | O3: 0 | P3: 0 | Q3: 0 | R3: 0 | S3: 0 | T3: 0 | V3: 0 | W3: 0 | X3: 0 | Z3: 12 | AB3: coll_1522_1 | AC3: 1 | AD3: 12 | AE3: NF | AF3: NF_12 | AG3: 0 | AH3: 0 | AI3: 0 | AJ3: 0 | AK3: 0 | AL3: 0 | AM3: 0 | AN3: 0 | AO3: 0 | AP3: 0 | AQ3: 0 | AR3: 0 | AS3: 0 | AT3: 0 | AU3: 0 | AV3: 0 | AW3: 0 | AX3: 1 | AY3: 0 | AZ3: 0 | BA3: 0 | BB3: 0 | BC3: 0 | BD3: 0 | BE3: 0 | BF3: 0 | BG3: 0 | BH3: 1 | BI3: 0 | BJ3: 0 | BK3: 0 | BL3: 0 | BM3: 0 | BN3: 0 | BO3: 0 | BP3: 0 | BQ3: 0 | BR3: 0 | BS3: 0 | BT3: 0 | BU3: 0 | BV3: 0 | BW3: 0 | BX3: 0 | BY3: 0 | BZ3: 0 | CA3: 0 | CB3: 0 | CC3: 0 | CD3: 0 | CE3: 0 | CF3: 0 | CG3: 0 | CH3: 0 | CI3: 0 | CJ3: 0 | CK3: 0 | CL3: 0 | CM3: 0 | CN3: 0 | CO3: 0 | CP3: CAF | CQ3: ceo_1522 | DC3: NF | DD3: NF | DE3: Haute-Kotto
A4: POINT (22.707893 7.550748) | B4: 2 | C4: 1 | D4: 1 | E4: 2 | F4: 376353 | G4: 376353 | H4: 376353 | I4: 22.707893 | J4: 7.550748 | K4: 0 | L4: oui | M4: 0 | N4: NF | O4: 0 | P4: 0 | Q4: 0 | R4: 0 | S4: 0 | T4: 0 | V4: 0 | W4: 0 | X4: 0 | Z4: 12 | AB4: coll_1522_1 | AC4: 1 | AD4: 12 | AE4: NF | AF4: NF_12 | AG4: 0 | AH4: 0 | AI4: 0 | AJ4: 0 | AK4: 0 | AL4: 0 | AM4: 0 | AN4: 0 | AO4: 0 | AP4: 0 | AQ4: 0 | AR4: 0 | AS4: 0 | AT4: 0 | AU4: 0 | AV4: 0 | AW4: 0 | AX4: 1 | AY4: 0 | AZ4: 0 | BA4: 0 | BB4: 0 | BC4: 0 | BD4: 0 | BE4: 0 | BF4: 0 | BG4: 0 | BH4: 1 | BI4: 0 | BJ4: 0 | BK4: 0 | BL4: 0 | BM4: 0 | BN4: 0 | BO4: 0 | BP4: 0 | BQ4: 0 | BR4: 0 | BS4: 0 | BT4: 0 | BU4: 0 | BV4: 0 | BW4: 0 | BX4: 0 | BY4: 0 | BZ4: 0 | CA4: 0 | CB4: 0 | CC4: 0 | CD4: 0 | CE4: 0 | CF4: 0 | CG4: 0 | CH4: 0 | CI4: 0 | CJ4: 0 | CK4: 0 | CL4: 0 | CM4: 0 | CN4: 0 | CO4: 0 | CP4: CAF | CQ4: ceo_1522 | DC4: NF | DD4: NF | DE4: Haute-Kotto

Sheet TNT 2015-2022
A1: CENTRAL AFRICAN REPUBLIC NATIONAL FOREST COVER CHANGE ESTIMATES FROM TNT
A2: Total Study Area (ha) | B2: =B11 -> 61805534 | I2: Summary
I3: Year | J3: Deforestation | K3: Year | L3: Degradation
A4: Time Period | B4: 1522 | I4: 2016 | J4: =AJ19 -> #N/A | K4: 2016 | L4: =AJ27 -> #N/A
A5: Stratum | B5: Area (ha) | C5: Weight | D5: # CEO points interpreted | I5: 2017 | J5: =AJ20 -> #N/A | K5: 2017 | L5: =AJ28 -> #N/A
A6: 1 | B6: ='Prefecture Summary 2015-2023'!C$19 -> 50116708 | C6: =B6/$B$11 -> 0.81087736 | D6: =COUNTIFS(INDIRECT("'" & $B$16 & "'!" & $B$17 & ":" & $B$17),A6,INDIRECT("'" & $B$16 & "'!" & $B$12 & ":" & $B$12), "*" & $B$4 & "*") -> 3 | I6: 2018 | J6: =AJ21 -> #N/A | K6: 2018 | L6: =AJ29 -> #N/A
A7: 2 | B7: ='Prefecture Summary 2015-2023'!D$19 -> 5225079 | C7: =B7/$B$11 -> 0.084540634 | D7: =COUNTIFS(INDIRECT("'" & $B$16 & "'!" & $B$17 & ":" & $B$17),A7,INDIRECT("'" & $B$16 & "'!" & $B$12 & ":" & $B$12), "*" & $B$4 & "*") -> 0 | I7: 2019 | J7: =AJ22 -> #N/A | K7: 2019 | L7: =AJ30 -> #N/A
A8: 3 | B8: ='Prefecture Summary 2015-2023'!E$19 -> 3936262 | C8: =B8/$B$11 -> 0.063687857 | D8: =COUNTIFS(INDIRECT("'" & $B$16 & "'!" & $B$17 & ":" & $B$17),A8,INDIRECT("'" & $B$16 & "'!" & $B$12 & ":" & $B$12), "*" & $B$4 & "*") -> 0 | I8: 2020 | J8: =AJ23 -> #N/A | K8: 2020 | L8: =AJ31 -> #N/A
A9: 4 | B9: ='Prefecture Summary 2015-2023'!F$19 -> 1904772 | C9: =B9/$B$11 -> 0.030818794 | D9: =COUNTIFS(INDIRECT("'" & $B$16 & "'!" & $B$17 & ":" & $B$17),A9,INDIRECT("'" & $B$16 & "'!" & $B$12 & ":" & $B$12), "*" & $B$4 & "*") -> 0 | I9: 2021 | J9: =AJ24 -> #N/A | K9: 2021 | L9: =AJ32 -> #N/A
A10: 5 | B10: ='Prefecture Summary 2015-2023'!G$19 -> 622713 | C10: =B10/$B$11 -> 0.01007536 | D10: =COUNTIFS(INDIRECT("'" & $B$16 & "'!" & $B$17 & ":" & $B$17),A10,INDIRECT("'" & $B$16 & "'!" & $B$12 & ":" & $B$12), "*" & $B$4 & "*") -> 0 | I10: 2022 | J10: =AJ25 -> #N/A | K10: 2022 | L10: =AJ33 -> #N/A
B11: =SUM(B6:B10) -> 61805534 | C11: =SUM(C6:C10) -> 1 | D11: =SUM(D6:D10) -> 3 | I11: 2023 | J11: =#REF! -> #REF! | K11: 2023 | L11: =#REF! -> #REF!
A12: collection | B12: {=IFERROR("$" & SUBSTITUTE(ADDRESS(1, MATCH(A12, INDIRECT("'" & $B$16 & "'!1:1"), 0), 4), "1", ""), "Not Found")} -> $AB
A14: Z value | B14: 1.645
A16: Sheet Name | B16: CEO 2015-2023
A17: TNT_stratum_1522 | B17: =IFERROR("$" & SUBSTITUTE(ADDRESS(1, MATCH(A17, INDIRECT("'" & $B$16 & "'!1:1"), 0), 4), "1", ""), "Not Found") -> $C | C17: # of CEO points in Strata | I17: Variance | N17: Average | S17: Error per class per strata | X17: Area per class per strata | AC17: Weighted Average
A18: Ref_Change_Year_1523 | B18: =IFERROR("$" & SUBSTITUTE(ADDRESS(1, MATCH(A18, INDIRECT("'" & $B$16 & "'!1:1"), 0), 4), "1", ""), "Not Found") -> $DD | C18: 1 | D18: 2 | E18: 3 | F18: 4 | G18: 5 | H18: Total | I18: 1 | J18: 2 | K18: 3 | L18: 4 | M18: 5 | N18: 1 | O18: 2 | P18: 3 | Q18: 4 | R18: 5 | S18: 1 | T18: 2 | U18: 3 | V18: 4 | W18: 5 | X18: 1 | Y18: 2 | Z18: 3 | AA18: 4 | AB18: 5 | AC18: 1 | AD18: 2 | AE18: 3 | AF18: 4 | AG18: 5 | AH18: Total Error (ha) | AI18: MOE (90% c.i.) | AJ18: Total Area (ha) | AK18: Total error in % | AL18: Total of Area (%)
A19: Def2016 | B19: =IFERROR("$" & SUBSTITUTE(ADDRESS(1, MATCH(A19, INDIRECT("'" & $B$16 & "'!1:1"), 0), 4), "1", ""), "Not Found") -> $AG | C19: =COUNTIFS(INDIRECT("'" & $B$16 & "'!" & $B$17 & ":" & $B$17),C$18,INDIRECT("'" & $B$16 & "'!" & $B$18 & ":" & $B$18),$A19,INDIRECT("'" & $B$16 & "'!" & $B$12 & ":" & $B$12), "*" & $B$4 & "*") -> 0 | D19: =COUNTIFS(INDIRECT("'" & $B$16 & "'!" & $B$17 & ":" & $B$17),D$18,INDIRECT("'" & $B$16 & "'!" & $B$18 & ":" & $B$18),$A19,INDIRECT("'" & $B$16 & "'!" & $B$12 & ":" & $B$12), "*" & $B$4 & "*") -> 0 | E19: =COUNTIFS(INDIRECT("'" & $B$16 & "'!" & $B$17 & ":" & $B$17),E$18,INDIRECT("'" & $B$16 & "'!" & $B$18 & ":" & $B$18),$A19,INDIRECT("'" & $B$16 & "'!" & $B$12 & ":" & $B$12), "*" & $B$4 & "*") -> 0 | F19: =COUNTIFS(INDIRECT("'" & $B$16 & "'!" & $B$17 & ":" & $B$17),F$18,INDIRECT("'" & $B$16 & "'!" & $B$18 & ":" & $B$18),$A19,INDIRECT("'" & $B$16 & "'!" & $B$12 & ":" & $B$12), "*" & $B$4 & "*") -> 0 | G19: =COUNTIFS(INDIRECT("'" & $B$16 & "'!" & $B$17 & ":" & $B$17),G$18,INDIRECT("'" & $B$16 & "'!" & $B$18 & ":" & $B$18),$A19,INDIRECT("'" & $B$16 & "'!" & $B$12 & ":" & $B$12), "*" & $B$4 & "*") -> 0 | H19: =SUM(C19:G19) -> 0 | I19: =IFERROR(__xludf.DUMMYFUNCTION("IF($D$6=0, 0, VAR.S( FILTER( INDIRECT(""'"" & $B$16 & ""'!"" & $B19 & "":"" & $B19), (INDIRECT(""'"" & $B$16 & ""'!"" & $B$17 & "":"" & $B$17) = I$18) * (ISNUMBER(SEARCH($B$4, INDIRECT(""'"" & $B$16 & ""'!"&""" & $B$12 & "":"" & $B$12)))) ) ) / $D$6 ) "),0.0) -> 0 | J19: =IFERROR(__xludf.DUMMYFUNCTION("IF($D$7=0, 0, VAR.S( FILTER( INDIRECT(""'"" & $B$16 & ""'!"" & $B19 & "":"" & $B19), (INDIRECT(""'"" & $B$16 & ""'!"" & $B$17 & "":"" & $B$17) = J$18) * (ISNUMBER(SEARCH($B$4, INDIRECT(""'"" & $B$16 & ""'!"&""" & $B$12 & "":"" & $B$12)))) ) ) / $D$7 ) "),0.0) -> 0 | K19: =IFERROR(__xludf.DUMMYFUNCTION("IF($D$8=0, 0, VAR.S( FILTER( INDIRECT(""'"" & $B$16 & ""'!"" & $B19 & "":"" & $B19), (INDIRECT(""'"" & $B$16 & ""'!"" & $B$17 & "":"" & $B$17) = K$18) * (ISNUMBER(SEARCH($B$4, INDIRECT(""'"" & $B$16 & ""'!"&""" & $B$12 & "":"" & $B$12)))) ) ) / $D$8 ) "),0.0) -> 0 | L19: =IFERROR(__xludf.DUMMYFUNCTION("IF($D$9=0, 0, VAR.S( FILTER( INDIRECT(""'"" & $B$16 & ""'!"" & $B19 & "":"" & $B19), (INDIRECT(""'"" & $B$16 & ""'!"" & $B$17 & "":"" & $B$17) = L$18) * (ISNUMBER(SEARCH($B$4, INDIRECT(""'"" & $B$16 & ""'!"&""" & $B$12 & "":"" & $B$12)))) ) ) / $D$9 ) "),0.0) -> 0 | M19: =IFERROR(__xludf.DUMMYFUNCTION("IF($D$10=0, 0, VAR.S( FILTER( INDIRECT(""'"" & $B$16 & ""'!"" & $B19 & "":"" & $B19), (INDIRECT(""'"" & $B$16 & ""'!"" & $B$17 & "":"" & $B$17) = M$18) * (ISNUMBER(SEARCH($B$4, INDIRECT(""'"" & $B$16 & ""'!"&""" & $B$12 & "":"" & $B$12)))) ) ) / $D$10 ) "),0.0) -> 0 | N19: =IFERROR(__xludf.DUMMYFUNCTION("AVERAGE( FILTER( INDIRECT(""'"" & $B$16 & ""'!"" & $B19 & "":"" & $B19), (INDIRECT(""'"" & $B$16 & ""'!"" & $B$17 & "":"" & $B$17) = I$18) * (ISNUMBER(SEARCH($B$4, INDIRECT(""'"" & $B$16 & ""'!"" & $B$12 & "":"""&" & $B$12)))) ) )"),0.0) -> 0 | O19: =IFERROR(__xludf.DUMMYFUNCTION("AVERAGE( FILTER( INDIRECT(""'"" & $B$16 & ""'!"" & $B19 & "":"" & $B19), (INDIRECT(""'"" & $B$16 & ""'!"" & $B$17 & "":"" & $B$17) = J$18) * (ISNUMBER(SEARCH($B$4, INDIRECT(""'"" & $B$16 & ""'!"" & $B$12 & "":"""&" & $B$12)))) ) )"),"#N/A") -> #N/A | P19: =IFERROR(__xludf.DUMMYFUNCTION("AVERAGE( FILTER( INDIRECT(""'"" & $B$16 & ""'!"" & $B19 & "":"" & $B19), (INDIRECT(""'"" & $B$16 & ""'!"" & $B$17 & "":"" & $B$17) = K$18) * (ISNUMBER(SEARCH($B$4, INDIRECT(""'"" & $B$16 & ""'!"" & $B$12 & "":"""&" & $B$12)))) ) )"),"#N/A") -> #N/A | Q19: =IFERROR(__xludf.DUMMYFUNCTION("AVERAGE( FILTER( INDIRECT(""'"" & $B$16 & ""'!"" & $B19 & "":"" & $B19), (INDIRECT(""'"" & $B$16 & ""'!"" & $B$17 & "":"" & $B$17) = L$18) * (ISNUMBER(SEARCH($B$4, INDIRECT(""'"" & $B$16 & ""'!"" & $B$12 & "":"""&" & $B$12)))) ) )"),"#N/A") -> #N/A | R19: =IFERROR(__xludf.DUMMYFUNCTION("AVERAGE( FILTER( INDIRECT(""'"" & $B$16 & ""'!"" & $B19 & "":"" & $B19), (INDIRECT(""'"" & $B$16 & ""'!"" & $B$17 & "":"" & $B$17) = M$18) * (ISNUMBER(SEARCH($B$4, INDIRECT(""'"" & $B$16 & ""'!"" & $B$12 & "":"""&" & $B$12)))) ) )"),"#N/A") -> #N/A | S19: =($B$6^2*I19)^0.5 -> 0 | T19: =($B$7^2*J19)^0.5 -> 0 | U19: =($B$8^2*K19)^0.5 -> 0 | V19: =($B$9^2*L19)^0.5 -> 0 | W19: =($B$10^2*M19)^0.5 -> 0 | X19: =N19*$B$6 -> 0 | Y19: =O19*$B$7 -> #N/A | Z19: =P19*$B$8 -> #N/A | AA19: =Q19*$B$9 -> #N/A | AB19: =R19*$B$10 -> #N/A | AC19: =N19*$C$6 -> 0 | AD19: =O19*$C$7 -> #N/A | AE19: =P19*$C$8 -> #N/A | AF19: =Q19*$C$9 -> #N/A | AG19: =R19*$C$10 -> #N/A | AH19: =(S19*S19+T19*T19+U19*U19+V19*V19+W19*W19)^0.5 -> 0 | AI19: =AH19*$B$14 -> 0 | AJ19: =SUM(X19:AB19) -> #N/A | AK19: =IF(AI19=0,0,AI19/AJ19) -> 0 | AL19: =AJ19/$B$2 -> #N/A
A20: Def2017 | B20: =IFERROR("$" & SUBSTITUTE(ADDRESS(1, MATCH(A20, INDIRECT("'" & $B$16 & "'!1:1"), 0), 4), "1", ""), "Not Found") -> $AH | C20: =COUNTIFS(INDIRECT("'" & $B$16 & "'!" & $B$17 & ":" & $B$17),C$18,INDIRECT("'" & $B$16 & "'!" & $B$18 & ":" & $B$18),$A20,INDIRECT("'" & $B$16 & "'!" & $B$12 & ":" & $B$12), "*" & $B$4 & "*") -> 1 | D20: =COUNTIFS(INDIRECT("'" & $B$16 & "'!" & $B$17 & ":" & $B$17),D$18,INDIRECT("'" & $B$16 & "'!" & $B$18 & ":" & $B$18),$A20,INDIRECT("'" & $B$16 & "'!" & $B$12 & ":" & $B$12), "*" & $B$4 & "*") -> 0 | E20: =COUNTIFS(INDIRECT("'" & $B$16 & "'!" & $B$17 & ":" & $B$17),E$18,INDIRECT("'" & $B$16 & "'!" & $B$18 & ":" & $B$18),$A20,INDIRECT("'" & $B$16 & "'!" & $B$12 & ":" & $B$12), "*" & $B$4 & "*") -> 0 | F20: =COUNTIFS(INDIRECT("'" & $B$16 & "'!" & $B$17 & ":" & $B$17),F$18,INDIRECT("'" & $B$16 & "'!" & $B$18 & ":" & $B$18),$A20,INDIRECT("'" & $B$16 & "'!" & $B$12 & ":" & $B$12), "*" & $B$4 & "*") -> 0 | G20: =COUNTIFS(INDIRECT("'" & $B$16 & "'!" & $B$17 & ":" & $B$17),G$18,INDIRECT("'" & $B$16 & "'!" & $B$18 & ":" & $B$18),$A20,INDIRECT("'" & $B$16 & "'!" & $B$12 & ":" & $B$12), "*" & $B$4 & "*") -> 0 | H20: =SUM(C20:G20) -> 1 | I20: =IFERROR(__xludf.DUMMYFUNCTION("IF($D$6=0, 0, VAR.S( FILTER( INDIRECT(""'"" & $B$16 & ""'!"" & $B20 & "":"" & $B20), (INDIRECT(""'"" & $B$16 & ""'!"" & $B$17 & "":"" & $B$17) = I$18) * (ISNUMBER(SEARCH($B$4, INDIRECT(""'"" & $B$16 & ""'!"&""" & $B$12 & "":"" & $B$12)))) ) ) / $D$6 ) "),0.11111111111111112) -> 0.11111111 | J20: =IFERROR(__xludf.DUMMYFUNCTION("IF($D$7=0, 0, VAR.S( FILTER( INDIRECT(""'"" & $B$16 & ""'!"" & $B20 & "":"" & $B20), (INDIRECT(""'"" & $B$16 & ""'!"" & $B$17 & "":"" & $B$17) = J$18) * (ISNUMBER(SEARCH($B$4, INDIRECT(""'"" & $B$16 & ""'!"&""" & $B$12 & "":"" & $B$12)))) ) ) / $D$7 ) "),0.0) -> 0 | K20: =IFERROR(__xludf.DUMMYFUNCTION("IF($D$8=0, 0, VAR.S( FILTER( INDIRECT(""'"" & $B$16 & ""'!"" & $B20 & "":"" & $B20), (INDIRECT(""'"" & $B$16 & ""'!"" & $B$17 & "":"" & $B$17) = K$18) * (ISNUMBER(SEARCH($B$4, INDIRECT(""'"" & $B$16 & ""'!"&""" & $B$12 & "":"" & $B$12)))) ) ) / $D$8 ) "),0.0) -> 0 | L20: =IFERROR(__xludf.DUMMYFUNCTION("IF($D$9=0, 0, VAR.S( FILTER( INDIRECT(""'"" & $B$16 & ""'!"" & $B20 & "":"" & $B20), (INDIRECT(""'"" & $B$16 & ""'!"" & $B$17 & "":"" & $B$17) = L$18) * (ISNUMBER(SEARCH($B$4, INDIRECT(""'"" & $B$16 & ""'!"&""" & $B$12 & "":"" & $B$12)))) ) ) / $D$9 ) "),0.0) -> 0 | M20: =IFERROR(__xludf.DUMMYFUNCTION("IF($D$10=0, 0, VAR.S( FILTER( INDIRECT(""'"" & $B$16 & ""'!"" & $B20 & "":"" & $B20), (INDIRECT(""'"" & $B$16 & ""'!"" & $B$17 & "":"" & $B$17) = M$18) * (ISNUMBER(SEARCH($B$4, INDIRECT(""'"" & $B$16 & ""'!"&""" & $B$12 & "":"" & $B$12)))) ) ) / $D$10 ) "),0.0) -> 0 | N20: =IFERROR(__xludf.DUMMYFUNCTION("AVERAGE( FILTER( INDIRECT(""'"" & $B$16 & ""'!"" & $B20 & "":"" & $B20), (INDIRECT(""'"" & $B$16 & ""'!"" & $B$17 & "":"" & $B$17) = I$18) * (ISNUMBER(SEARCH($B$4, INDIRECT(""'"" & $B$16 & ""'!"" & $B$12 & "":"""&" & $B$12)))) ) )"),0.3333333333333333) -> 0.33333333 | O20: =IFERROR(__xludf.DUMMYFUNCTION("AVERAGE( FILTER( INDIRECT(""'"" & $B$16 & ""'!"" & $B20 & "":"" & $B20), (INDIRECT(""'"" & $B$16 & ""'!"" & $B$17 & "":"" & $B$17) = J$18) * (ISNUMBER(SEARCH($B$4, INDIRECT(""'"" & $B$16 & ""'!"" & $B$12 & "":"""&" & $B$12)))) ) )"),"#N/A") -> #N/A | P20: =IFERROR(__xludf.DUMMYFUNCTION("AVERAGE( FILTER( INDIRECT(""'"" & $B$16 & ""'!"" & $B20 & "":"" & $B20), (INDIRECT(""'"" & $B$16 & ""'!"" & $B$17 & "":"" & $B$17) = K$18) * (ISNUMBER(SEARCH($B$4, INDIRECT(""'"" & $B$16 & ""'!"" & $B$12 & "":"""&" & $B$12)))) ) )"),"#N/A") -> #N/A | Q20: =IFERROR(__xludf.DUMMYFUNCTION("AVERAGE( FILTER( INDIRECT(""'"" & $B$16 & ""'!"" & $B20 & "":"" & $B20), (INDIRECT(""'"" & $B$16 & ""'!"" & $B$17 & "":"" & $B$17) = L$18) * (ISNUMBER(SEARCH($B$4, INDIRECT(""'"" & $B$16 & ""'!"" & $B$12 & "":"""&" & $B$12)))) ) )"),"#N/A") -> #N/A | R20: =IFERROR(__xludf.DUMMYFUNCTION("AVERAGE( FILTER( INDIRECT(""'"" & $B$16 & ""'!"" & $B20 & "":"" & $B20), (INDIRECT(""'"" & $B$16 & ""'!"" & $B$17 & "":"" & $B$17) = M$18) * (ISNUMBER(SEARCH($B$4, INDIRECT(""'"" & $B$16 & ""'!"" & $B$12 & "":"""&" & $B$12)))) ) )"),"#N/A") -> #N/A | S20: =($B$6^2*I20)^0.5 -> 16705569 | T20: =($B$7^2*J20)^0.5 -> 0 | U20: =($B$8^2*K20)^0.5 -> 0 | V20: =($B$9^2*L20)^0.5 -> 0 | W20: =($B$10^2*M20)^0.5 -> 0 | X20: =N20*$B$6 -> 16705569 | Y20: =O20*$B$7 -> #N/A | Z20: =P20*$B$8 -> #N/A | AA20: =Q20*$B$9 -> #N/A | AB20: =R20*$B$10 -> #N/A | AC20: =N20*$C$6 -> 0.27029245 | AD20: =O20*$C$7 -> #N/A | AE20: =P20*$C$8 -> #N/A | AF20: =Q20*$C$9 -> #N/A | AG20: =R20*$C$10 -> #N/A | AH20: =(S20*S20+T20*T20+U20*U20+V20*V20+W20*W20)^0.5 -> 16705569 | AI20: =AH20*$B$14 -> 27480662 | AJ20: =SUM(X20:AB20) -> #N/A | AK20: =IF(AI20=0,0,AI20/AJ20) -> #N/A | AL20: =AJ20/$B$2 -> #N/A
A21: Def2018 | B21: =IFERROR("$" & SUBSTITUTE(ADDRESS(1, MATCH(A21, INDIRECT("'" & $B$16 & "'!1:1"), 0), 4), "1", ""), "Not Found") -> $AI | C21: =COUNTIFS(INDIRECT("'" & $B$16 & "'!" & $B$17 & ":" & $B$17),C$18,INDIRECT("'" & $B$16 & "'!" & $B$18 & ":" & $B$18),$A21,INDIRECT("'" & $B$16 & "'!" & $B$12 & ":" & $B$12), "*" & $B$4 & "*") -> 0 | D21: =COUNTIFS(INDIRECT("'" & $B$16 & "'!" & $B$17 & ":" & $B$17),D$18,INDIRECT("'" & $B$16 & "'!" & $B$18 & ":" & $B$18),$A21,INDIRECT("'" & $B$16 & "'!" & $B$12 & ":" & $B$12), "*" & $B$4 & "*") -> 0 | E21: =COUNTIFS(INDIRECT("'" & $B$16 & "'!" & $B$17 & ":" & $B$17),E$18,INDIRECT("'" & $B$16 & "'!" & $B$18 & ":" & $B$18),$A21,INDIRECT("'" & $B$16 & "'!" & $B$12 & ":" & $B$12), "*" & $B$4 & "*") -> 0 | F21: =COUNTIFS(INDIRECT("'" & $B$16 & "'!" & $B$17 & ":" & $B$17),F$18,INDIRECT("'" & $B$16 & "'!" & $B$18 & ":" & $B$18),$A21,INDIRECT("'" & $B$16 & "'!" & $B$12 & ":" & $B$12), "*" & $B$4 & "*") -> 0 | G21: =COUNTIFS(INDIRECT("'" & $B$16 & "'!" & $B$17 & ":" & $B$17),G$18,INDIRECT("'" & $B$16 & "'!" & $B$18 & ":" & $B$18),$A21,INDIRECT("'" & $B$16 & "'!" & $B$12 & ":" & $B$12), "*" & $B$4 & "*") -> 0 | H21: =SUM(C21:G21) -> 0 | I21: =IFERROR(__xludf.DUMMYFUNCTION("IF($D$6=0, 0, VAR.S( FILTER( INDIRECT(""'"" & $B$16 & ""'!"" & $B21 & "":"" & $B21), (INDIRECT(""'"" & $B$16 & ""'!"" & $B$17 & "":"" & $B$17) = I$18) * (ISNUMBER(SEARCH($B$4, INDIRECT(""'"" & $B$16 & ""'!"&""" & $B$12 & "":"" & $B$12)))) ) ) / $D$6 ) "),0.0) -> 0 | J21: =IFERROR(__xludf.DUMMYFUNCTION("IF($D$7=0, 0, VAR.S( FILTER( INDIRECT(""'"" & $B$16 & ""'!"" & $B21 & "":"" & $B21), (INDIRECT(""'"" & $B$16 & ""'!"" & $B$17 & "":"" & $B$17) = J$18) * (ISNUMBER(SEARCH($B$4, INDIRECT(""'"" & $B$16 & ""'!"&""" & $B$12 & "":"" & $B$12)))) ) ) / $D$7 ) "),0.0) -> 0 | K21: =IFERROR(__xludf.DUMMYFUNCTION("IF($D$8=0, 0, VAR.S( FILTER( INDIRECT(""'"" & $B$16 & ""'!"" & $B21 & "":"" & $B21), (INDIRECT(""'"" & $B$16 & ""'!"" & $B$17 & "":"" & $B$17) = K$18) * (ISNUMBER(SEARCH($B$4, INDIRECT(""'"" & $B$16 & ""'!"&""" & $B$12 & "":"" & $B$12)))) ) ) / $D$8 ) "),0.0) -> 0 | L21: =IFERROR(__xludf.DUMMYFUNCTION("IF($D$9=0, 0, VAR.S( FILTER( INDIRECT(""'"" & $B$16 & ""'!"" & $B21 & "":"" & $B21), (INDIRECT(""'"" & $B$16 & ""'!"" & $B$17 & "":"" & $B$17) = L$18) * (ISNUMBER(SEARCH($B$4, INDIRECT(""'"" & $B$16 & ""'!"&""" & $B$12 & "":"" & $B$12)))) ) ) / $D$9 ) "),0.0) -> 0 | M21: =IFERROR(__xludf.DUMMYFUNCTION("IF($D$10=0, 0, VAR.S( FILTER( INDIRECT(""'"" & $B$16 & ""'!"" & $B21 & "":"" & $B21), (INDIRECT(""'"" & $B$16 & ""'!"" & $B$17 & "":"" & $B$17) = M$18) * (ISNUMBER(SEARCH($B$4, INDIRECT(""'"" & $B$16 & ""'!"&""" & $B$12 & "":"" & $B$12)))) ) ) / $D$10 ) "),0.0) -> 0 | N21: =IFERROR(__xludf.DUMMYFUNCTION("AVERAGE( FILTER( INDIRECT(""'"" & $B$16 & ""'!"" & $B21 & "":"" & $B21), (INDIRECT(""'"" & $B$16 & ""'!"" & $B$17 & "":"" & $B$17) = I$18) * (ISNUMBER(SEARCH($B$4, INDIRECT(""'"" & $B$16 & ""'!"" & $B$12 & "":"""&" & $B$12)))) ) )"),0.0) -> 0 | O21: =IFERROR(__xludf.DUMMYFUNCTION("AVERAGE( FILTER( INDIRECT(""'"" & $B$16 & ""'!"" & $B21 & "":"" & $B21), (INDIRECT(""'"" & $B$16 & ""'!"" & $B$17 & "":"" & $B$17) = J$18) * (ISNUMBER(SEARCH($B$4, INDIRECT(""'"" & $B$16 & ""'!"" & $B$12 & "":"""&" & $B$12)))) ) )"),"#N/A") -> #N/A | P21: =IFERROR(__xludf.DUMMYFUNCTION("AVERAGE( FILTER( INDIRECT(""'"" & $B$16 & ""'!"" & $B21 & "":"" & $B21), (INDIRECT(""'"" & $B$16 & ""'!"" & $B$17 & "":"" & $B$17) = K$18) * (ISNUMBER(SEARCH($B$4, INDIRECT(""'"" & $B$16 & ""'!"" & $B$12 & "":"""&" & $B$12)))) ) )"),"#N/A") -> #N/A | Q21: =IFERROR(__xludf.DUMMYFUNCTION("AVERAGE( FILTER( INDIRECT(""'"" & $B$16 & ""'!"" & $B21 & "":"" & $B21), (INDIRECT(""'"" & $B$16 & ""'!"" & $B$17 & "":"" & $B$17) = L$18) * (ISNUMBER(SEARCH($B$4, INDIRECT(""'"" & $B$16 & ""'!"" & $B$12 & "":"""&" & $B$12)))) ) )"),"#N/A") -> #N/A | R21: =IFERROR(__xludf.DUMMYFUNCTION("AVERAGE( FILTER( INDIRECT(""'"" & $B$16 & ""'!"" & $B21 & "":"" & $B21), (INDIRECT(""'"" & $B$16 & ""'!"" & $B$17 & "":"" & $B$17) = M$18) * (ISNUMBER(SEARCH($B$4, INDIRECT(""'"" & $B$16 & ""'!"" & $B$12 & "":"""&" & $B$12)))) ) )"),"#N/A") -> #N/A | S21: =($B$6^2*I21)^0.5 -> 0 | T21: =($B$7^2*J21)^0.5 -> 0 | U21: =($B$8^2*K21)^0.5 -> 0 | V21: =($B$9^2*L21)^0.5 -> 0 | W21: =($B$10^2*M21)^0.5 -> 0 | X21: =N21*$B$6 -> 0 | Y21: =O21*$B$7 -> #N/A | Z21: =P21*$B$8 -> #N/A | AA21: =Q21*$B$9 -> #N/A | AB21: =R21*$B$10 -> #N/A | AC21: =N21*$C$6 -> 0 | AD21: =O21*$C$7 -> #N/A | AE21: =P21*$C$8 -> #N/A | AF21: =Q21*$C$9 -> #N/A | AG21: =R21*$C$10 -> #N/A | AH21: =(S21*S21+T21*T21+U21*U21+V21*V21+W21*W21)^0.5 -> 0 | AI21: =AH21*$B$14 -> 0 | AJ21: =SUM(X21:AB21) -> #N/A | AK21: =IF(AI21=0,0,AI21/AJ21) -> 0 | AL21: =AJ21/$B$2 -> #N/A
A22: Def2019 | B22: =IFERROR("$" & SUBSTITUTE(ADDRESS(1, MATCH(A22, INDIRECT("'" & $B$16 & "'!1:1"), 0), 4), "1", ""), "Not Found") -> $AJ | C22: =COUNTIFS(INDIRECT("'" & $B$16 & "'!" & $B$17 & ":" & $B$17),C$18,INDIRECT("'" & $B$16 & "'!" & $B$18 & ":" & $B$18),$A22,INDIRECT("'" & $B$16 & "'!" & $B$12 & ":" & $B$12), "*" & $B$4 & "*") -> 0 | D22: =COUNTIFS(INDIRECT("'" & $B$16 & "'!" & $B$17 & ":" & $B$17),D$18,INDIRECT("'" & $B$16 & "'!" & $B$18 & ":" & $B$18),$A22,INDIRECT("'" & $B$16 & "'!" & $B$12 & ":" & $B$12), "*" & $B$4 & "*") -> 0 | E22: =COUNTIFS(INDIRECT("'" & $B$16 & "'!" & $B$17 & ":" & $B$17),E$18,INDIRECT("'" & $B$16 & "'!" & $B$18 & ":" & $B$18),$A22,INDIRECT("'" & $B$16 & "'!" & $B$12 & ":" & $B$12), "*" & $B$4 & "*") -> 0 | F22: =COUNTIFS(INDIRECT("'" & $B$16 & "'!" & $B$17 & ":" & $B$17),F$18,INDIRECT("'" & $B$16 & "'!" & $B$18 & ":" & $B$18),$A22,INDIRECT("'" & $B$16 & "'!" & $B$12 & ":" & $B$12), "*" & $B$4 & "*") -> 0 | G22: =COUNTIFS(INDIRECT("'" & $B$16 & "'!" & $B$17 & ":" & $B$17),G$18,INDIRECT("'" & $B$16 & "'!" & $B$18 & ":" & $B$18),$A22,INDIRECT("'" & $B$16 & "'!" & $B$12 & ":" & $B$12), "*" & $B$4 & "*") -> 0 | H22: =SUM(C22:G22) -> 0 | I22: =IFERROR(__xludf.DUMMYFUNCTION("IF($D$6=0, 0, VAR.S( FILTER( INDIRECT(""'"" & $B$16 & ""'!"" & $B22 & "":"" & $B22), (INDIRECT(""'"" & $B$16 & ""'!"" & $B$17 & "":"" & $B$17) = I$18) * (ISNUMBER(SEARCH($B$4, INDIRECT(""'"" & $B$16 & ""'!"&""" & $B$12 & "":"" & $B$12)))) ) ) / $D$6 ) "),0.0) -> 0 | J22: =IFERROR(__xludf.DUMMYFUNCTION("IF($D$7=0, 0, VAR.S( FILTER( INDIRECT(""'"" & $B$16 & ""'!"" & $B22 & "":"" & $B22), (INDIRECT(""'"" & $B$16 & ""'!"" & $B$17 & "":"" & $B$17) = J$18) * (ISNUMBER(SEARCH($B$4, INDIRECT(""'"" & $B$16 & ""'!"&""" & $B$12 & "":"" & $B$12)))) ) ) / $D$7 ) "),0.0) -> 0 | K22: =IFERROR(__xludf.DUMMYFUNCTION("IF($D$8=0, 0, VAR.S( FILTER( INDIRECT(""'"" & $B$16 & ""'!"" & $B22 & "":"" & $B22), (INDIRECT(""'"" & $B$16 & ""'!"" & $B$17 & "":"" & $B$17) = K$18) * (ISNUMBER(SEARCH($B$4, INDIRECT(""'"" & $B$16 & ""'!"&""" & $B$12 & "":"" & $B$12)))) ) ) / $D$8 ) "),0.0) -> 0 | L22: =IFERROR(__xludf.DUMMYFUNCTION("IF($D$9=0, 0, VAR.S( FILTER( INDIRECT(""'"" & $B$16 & ""'!"" & $B22 & "":"" & $B22), (INDIRECT(""'"" & $B$16 & ""'!"" & $B$17 & "":"" & $B$17) = L$18) * (ISNUMBER(SEARCH($B$4, INDIRECT(""'"" & $B$16 & ""'!"&""" & $B$12 & "":"" & $B$12)))) ) ) / $D$9 ) "),0.0) -> 0 | M22: =IFERROR(__xludf.DUMMYFUNCTION("IF($D$10=0, 0, VAR.S( FILTER( INDIRECT(""'"" & $B$16 & ""'!"" & $B22 & "":"" & $B22), (INDIRECT(""'"" & $B$16 & ""'!"" & $B$17 & "":"" & $B$17) = M$18) * (ISNUMBER(SEARCH($B$4, INDIRECT(""'"" & $B$16 & ""'!"&""" & $B$12 & "":"" & $B$12)))) ) ) / $D$10 ) "),0.0) -> 0 | N22: =IFERROR(__xludf.DUMMYFUNCTION("AVERAGE( FILTER( INDIRECT(""'"" & $B$16 & ""'!"" & $B22 & "":"" & $B22), (INDIRECT(""'"" & $B$16 & ""'!"" & $B$17 & "":"" & $B$17) = I$18) * (ISNUMBER(SEARCH($B$4, INDIRECT(""'"" & $B$16 & ""'!"" & $B$12 & "":"""&" & $B$12)))) ) )"),0.0) -> 0 | O22: =IFERROR(__xludf.DUMMYFUNCTION("AVERAGE( FILTER( INDIRECT(""'"" & $B$16 & ""'!"" & $B22 & "":"" & $B22), (INDIRECT(""'"" & $B$16 & ""'!"" & $B$17 & "":"" & $B$17) = J$18) * (ISNUMBER(SEARCH($B$4, INDIRECT(""'"" & $B$16 & ""'!"" & $B$12 & "":"""&" & $B$12)))) ) )"),"#N/A") -> #N/A | P22: =IFERROR(__xludf.DUMMYFUNCTION("AVERAGE( FILTER( INDIRECT(""'"" & $B$16 & ""'!"" & $B22 & "":"" & $B22), (INDIRECT(""'"" & $B$16 & ""'!"" & $B$17 & "":"" & $B$17) = K$18) * (ISNUMBER(SEARCH($B$4, INDIRECT(""'"" & $B$16 & ""'!"" & $B$12 & "":"""&" & $B$12)))) ) )"),"#N/A") -> #N/A | Q22: =IFERROR(__xludf.DUMMYFUNCTION("AVERAGE( FILTER( INDIRECT(""'"" & $B$16 & ""'!"" & $B22 & "":"" & $B22), (INDIRECT(""'"" & $B$16 & ""'!"" & $B$17 & "":"" & $B$17) = L$18) * (ISNUMBER(SEARCH($B$4, INDIRECT(""'"" & $B$16 & ""'!"" & $B$12 & "":"""&" & $B$12)))) ) )"),"#N/A") -> #N/A | R22: =IFERROR(__xludf.DUMMYFUNCTION("AVERAGE( FILTER( INDIRECT(""'"" & $B$16 & ""'!"" & $B22 & "":"" & $B22), (INDIRECT(""'"" & $B$16 & ""'!"" & $B$17 & "":"" & $B$17) = M$18) * (ISNUMBER(SEARCH($B$4, INDIRECT(""'"" & $B$16 & ""'!"" & $B$12 & "":"""&" & $B$12)))) ) )"),"#N/A") -> #N/A | S22: =($B$6^2*I22)^0.5 -> 0 | T22: =($B$7^2*J22)^0.5 -> 0 | U22: =($B$8^2*K22)^0.5 -> 0 | V22: =($B$9^2*L22)^0.5 -> 0 | W22: =($B$10^2*M22)^0.5 -> 0 | X22: =N22*$B$6 -> 0 | Y22: =O22*$B$7 -> #N/A | Z22: =P22*$B$8 -> #N/A | AA22: =Q22*$B$9 -> #N/A | AB22: =R22*$B$10 -> #N/A | AC22: =N22*$C$6 -> 0 | AD22: =O22*$C$7 -> #N/A | AE22: =P22*$C$8 -> #N/A | AF22: =Q22*$C$9 -> #N/A | AG22: =R22*$C$10 -> #N/A | AH22: =(S22*S22+T22*T22+U22*U22+V22*V22+W22*W22)^0.5 -> 0 | AI22: =AH22*$B$14 -> 0 | AJ22: =SUM(X22:AB22) -> #N/A | AK22: =IF(AI22=0,0,AI22/AJ22) -> 0 | AL22: =AJ22/$B$2 -> #N/A
A23: Def2020 | B23: =IFERROR("$" & SUBSTITUTE(ADDRESS(1, MATCH(A23, INDIRECT("'" & $B$16 & "'!1:1"), 0), 4), "1", ""), "Not Found") -> $AK | C23: =COUNTIFS(INDIRECT("'" & $B$16 & "'!" & $B$17 & ":" & $B$17),C$18,INDIRECT("'" & $B$16 & "'!" & $B$18 & ":" & $B$18),$A23,INDIRECT("'" & $B$16 & "'!" & $B$12 & ":" & $B$12), "*" & $B$4 & "*") -> 0 | D23: =COUNTIFS(INDIRECT("'" & $B$16 & "'!" & $B$17 & ":" & $B$17),D$18,INDIRECT("'" & $B$16 & "'!" & $B$18 & ":" & $B$18),$A23,INDIRECT("'" & $B$16 & "'!" & $B$12 & ":" & $B$12), "*" & $B$4 & "*") -> 0 | E23: =COUNTIFS(INDIRECT("'" & $B$16 & "'!" & $B$17 & ":" & $B$17),E$18,INDIRECT("'" & $B$16 & "'!" & $B$18 & ":" & $B$18),$A23,INDIRECT("'" & $B$16 & "'!" & $B$12 & ":" & $B$12), "*" & $B$4 & "*") -> 0 | F23: =COUNTIFS(INDIRECT("'" & $B$16 & "'!" & $B$17 & ":" & $B$17),F$18,INDIRECT("'" & $B$16 & "'!" & $B$18 & ":" & $B$18),$A23,INDIRECT("'" & $B$16 & "'!" & $B$12 & ":" & $B$12), "*" & $B$4 & "*") -> 0 | G23: =COUNTIFS(INDIRECT("'" & $B$16 & "'!" & $B$17 & ":" & $B$17),G$18,INDIRECT("'" & $B$16 & "'!" & $B$18 & ":" & $B$18),$A23,INDIRECT("'" & $B$16 & "'!" & $B$12 & ":" & $B$12), "*" & $B$4 & "*") -> 0 | H23: =SUM(C23:G23) -> 0 | I23: =IFERROR(__xludf.DUMMYFUNCTION("IF($D$6=0, 0, VAR.S( FILTER( INDIRECT(""'"" & $B$16 & ""'!"" & $B23 & "":"" & $B23), (INDIRECT(""'"" & $B$16 & ""'!"" & $B$17 & "":"" & $B$17) = I$18) * (ISNUMBER(SEARCH($B$4, INDIRECT(""'"" & $B$16 & ""'!"&""" & $B$12 & "":"" & $B$12)))) ) ) / $D$6 ) "),0.0) -> 0 | J23: =IFERROR(__xludf.DUMMYFUNCTION("IF($D$7=0, 0, VAR.S( FILTER( INDIRECT(""'"" & $B$16 & ""'!"" & $B23 & "":"" & $B23), (INDIRECT(""'"" & $B$16 & ""'!"" & $B$17 & "":"" & $B$17) = J$18) * (ISNUMBER(SEARCH($B$4, INDIRECT(""'"" & $B$16 & ""'!"&""" & $B$12 & "":"" & $B$12)))) ) ) / $D$7 ) "),0.0) -> 0 | K23: =IFERROR(__xludf.DUMMYFUNCTION("IF($D$8=0, 0, VAR.S( FILTER( INDIRECT(""'"" & $B$16 & ""'!"" & $B23 & "":"" & $B23), (INDIRECT(""'"" & $B$16 & ""'!"" & $B$17 & "":"" & $B$17) = K$18) * (ISNUMBER(SEARCH($B$4, INDIRECT(""'"" & $B$16 & ""'!"&""" & $B$12 & "":"" & $B$12)))) ) ) / $D$8 ) "),0.0) -> 0 | L23: =IFERROR(__xludf.DUMMYFUNCTION("IF($D$9=0, 0, VAR.S( FILTER( INDIRECT(""'"" & $B$16 & ""'!"" & $B23 & "":"" & $B23), (INDIRECT(""'"" & $B$16 & ""'!"" & $B$17 & "":"" & $B$17) = L$18) * (ISNUMBER(SEARCH($B$4, INDIRECT(""'"" & $B$16 & ""'!"&""" & $B$12 & "":"" & $B$12)))) ) ) / $D$9 ) "),0.0) -> 0 | M23: =IFERROR(__xludf.DUMMYFUNCTION("IF($D$10=0, 0, VAR.S( FILTER( INDIRECT(""'"" & $B$16 & ""'!"" & $B23 & "":"" & $B23), (INDIRECT(""'"" & $B$16 & ""'!"" & $B$17 & "":"" & $B$17) = M$18) * (ISNUMBER(SEARCH($B$4, INDIRECT(""'"" & $B$16 & ""'!"&""" & $B$12 & "":"" & $B$12)))) ) ) / $D$10 ) "),0.0) -> 0 | N23: =IFERROR(__xludf.DUMMYFUNCTION("AVERAGE( FILTER( INDIRECT(""'"" & $B$16 & ""'!"" & $B23 & "":"" & $B23), (INDIRECT(""'"" & $B$16 & ""'!"" & $B$17 & "":"" & $B$17) = I$18) * (ISNUMBER(SEARCH($B$4, INDIRECT(""'"" & $B$16 & ""'!"" & $B$12 & "":"""&" & $B$12)))) ) )"),0.0) -> 0 | O23: =IFERROR(__xludf.DUMMYFUNCTION("AVERAGE( FILTER( INDIRECT(""'"" & $B$16 & ""'!"" & $B23 & "":"" & $B23), (INDIRECT(""'"" & $B$16 & ""'!"" & $B$17 & "":"" & $B$17) = J$18) * (ISNUMBER(SEARCH($B$4, INDIRECT(""'"" & $B$16 & ""'!"" & $B$12 & "":"""&" & $B$12)))) ) )"),"#N/A") -> #N/A | P23: =IFERROR(__xludf.DUMMYFUNCTION("AVERAGE( FILTER( INDIRECT(""'"" & $B$16 & ""'!"" & $B23 & "":"" & $B23), (INDIRECT(""'"" & $B$16 & ""'!"" & $B$17 & "":"" & $B$17) = K$18) * (ISNUMBER(SEARCH($B$4, INDIRECT(""'"" & $B$16 & ""'!"" & $B$12 & "":"""&" & $B$12)))) ) )"),"#N/A") -> #N/A | Q23: =IFERROR(__xludf.DUMMYFUNCTION("AVERAGE( FILTER( INDIRECT(""'"" & $B$16 & ""'!"" & $B23 & "":"" & $B23), (INDIRECT(""'"" & $B$16 & ""'!"" & $B$17 & "":"" & $B$17) = L$18) * (ISNUMBER(SEARCH($B$4, INDIRECT(""'"" & $B$16 & ""'!"" & $B$12 & "":"""&" & $B$12)))) ) )"),"#N/A") -> #N/A | R23: =IFERROR(__xludf.DUMMYFUNCTION("AVERAGE( FILTER( INDIRECT(""'"" & $B$16 & ""'!"" & $B23 & "":"" & $B23), (INDIRECT(""'"" & $B$16 & ""'!"" & $B$17 & "":"" & $B$17) = M$18) * (ISNUMBER(SEARCH($B$4, INDIRECT(""'"" & $B$16 & ""'!"" & $B$12 & "":"""&" & $B$12)))) ) )"),"#N/A") -> #N/A | S23: =($B$6^2*I23)^0.5 -> 0 | T23: =($B$7^2*J23)^0.5 -> 0 | U23: =($B$8^2*K23)^0.5 -> 0 | V23: =($B$9^2*L23)^0.5 -> 0 | W23: =($B$10^2*M23)^0.5 -> 0 | X23: =N23*$B$6 -> 0 | Y23: =O23*$B$7 -> #N/A | Z23: =P23*$B$8 -> #N/A | AA23: =Q23*$B$9 -> #N/A | AB23: =R23*$B$10 -> #N/A | AC23: =N23*$C$6 -> 0 | AD23: =O23*$C$7 -> #N/A | AE23: =P23*$C$8 -> #N/A | AF23: =Q23*$C$9 -> #N/A | AG23: =R23*$C$10 -> #N/A | AH23: =(S23*S23+T23*T23+U23*U23+V23*V23+W23*W23)^0.5 -> 0 | AI23: =AH23*$B$14 -> 0 | AJ23: =SUM(X23:AB23) -> #N/A | AK23: =IF(AI23=0,0,AI23/AJ23) -> 0 | AL23: =AJ23/$B$2 -> #N/A
A24: Def2021 | B24: =IFERROR("$" & SUBSTITUTE(ADDRESS(1, MATCH(A24, INDIRECT("'" & $B$16 & "'!1:1"), 0), 4), "1", ""), "Not Found") -> $AL | C24: =COUNTIFS(INDIRECT("'" & $B$16 & "'!" & $B$17 & ":" & $B$17),C$18,INDIRECT("'" & $B$16 & "'!" & $B$18 & ":" & $B$18),$A24,INDIRECT("'" & $B$16 & "'!" & $B$12 & ":" & $B$12), "*" & $B$4 & "*") -> 0 | D24: =COUNTIFS(INDIRECT("'" & $B$16 & "'!" & $B$17 & ":" & $B$17),D$18,INDIRECT("'" & $B$16 & "'!" & $B$18 & ":" & $B$18),$A24,INDIRECT("'" & $B$16 & "'!" & $B$12 & ":" & $B$12), "*" & $B$4 & "*") -> 0 | E24: =COUNTIFS(INDIRECT("'" & $B$16 & "'!" & $B$17 & ":" & $B$17),E$18,INDIRECT("'" & $B$16 & "'!" & $B$18 & ":" & $B$18),$A24,INDIRECT("'" & $B$16 & "'!" & $B$12 & ":" & $B$12), "*" & $B$4 & "*") -> 0 | F24: =COUNTIFS(INDIRECT("'" & $B$16 & "'!" & $B$17 & ":" & $B$17),F$18,INDIRECT("'" & $B$16 & "'!" & $B$18 & ":" & $B$18),$A24,INDIRECT("'" & $B$16 & "'!" & $B$12 & ":" & $B$12), "*" & $B$4 & "*") -> 0 | G24: =COUNTIFS(INDIRECT("'" & $B$16 & "'!" & $B$17 & ":" & $B$17),G$18,INDIRECT("'" & $B$16 & "'!" & $B$18 & ":" & $B$18),$A24,INDIRECT("'" & $B$16 & "'!" & $B$12 & ":" & $B$12), "*" & $B$4 & "*") -> 0 | H24: =SUM(C24:G24) -> 0 | I24: =IFERROR(__xludf.DUMMYFUNCTION("IF($D$6=0, 0, VAR.S( FILTER( INDIRECT(""'"" & $B$16 & ""'!"" & $B24 & "":"" & $B24), (INDIRECT(""'"" & $B$16 & ""'!"" & $B$17 & "":"" & $B$17) = I$18) * (ISNUMBER(SEARCH($B$4, INDIRECT(""'"" & $B$16 & ""'!"&""" & $B$12 & "":"" & $B$12)))) ) ) / $D$6 ) "),0.0) -> 0 | J24: =IFERROR(__xludf.DUMMYFUNCTION("IF($D$7=0, 0, VAR.S( FILTER( INDIRECT(""'"" & $B$16 & ""'!"" & $B24 & "":"" & $B24), (INDIRECT(""'"" & $B$16 & ""'!"" & $B$17 & "":"" & $B$17) = J$18) * (ISNUMBER(SEARCH($B$4, INDIRECT(""'"" & $B$16 & ""'!"&""" & $B$12 & "":"" & $B$12)))) ) ) / $D$7 ) "),0.0) -> 0 | K24: =IFERROR(__xludf.DUMMYFUNCTION("IF($D$8=0, 0, VAR.S( FILTER( INDIRECT(""'"" & $B$16 & ""'!"" & $B24 & "":"" & $B24), (INDIRECT(""'"" & $B$16 & ""'!"" & $B$17 & "":"" & $B$17) = K$18) * (ISNUMBER(SEARCH($B$4, INDIRECT(""'"" & $B$16 & ""'!"&""" & $B$12 & "":"" & $B$12)))) ) ) / $D$8 ) "),0.0) -> 0 | L24: =IFERROR(__xludf.DUMMYFUNCTION("IF($D$9=0, 0, VAR.S( FILTER( INDIRECT(""'"" & $B$16 & ""'!"" & $B24 & "":"" & $B24), (INDIRECT(""'"" & $B$16 & ""'!"" & $B$17 & "":"" & $B$17) = L$18) * (ISNUMBER(SEARCH($B$4, INDIRECT(""'"" & $B$16 & ""'!"&""" & $B$12 & "":"" & $B$12)))) ) ) / $D$9 ) "),0.0) -> 0 | M24: =IFERROR(__xludf.DUMMYFUNCTION("IF($D$10=0, 0, VAR.S( FILTER( INDIRECT(""'"" & $B$16 & ""'!"" & $B24 & "":"" & $B24), (INDIRECT(""'"" & $B$16 & ""'!"" & $B$17 & "":"" & $B$17) = M$18) * (ISNUMBER(SEARCH($B$4, INDIRECT(""'"" & $B$16 & ""'!"&""" & $B$12 & "":"" & $B$12)))) ) ) / $D$10 ) "),0.0) -> 0 | N24: =IFERROR(__xludf.DUMMYFUNCTION("AVERAGE( FILTER( INDIRECT(""'"" & $B$16 & ""'!"" & $B24 & "":"" & $B24), (INDIRECT(""'"" & $B$16 & ""'!"" & $B$17 & "":"" & $B$17) = I$18) * (ISNUMBER(SEARCH($B$4, INDIRECT(""'"" & $B$16 & ""'!"" & $B$12 & "":"""&" & $B$12)))) ) )"),0.0) -> 0 | O24: =IFERROR(__xludf.DUMMYFUNCTION("AVERAGE( FILTER( INDIRECT(""'"" & $B$16 & ""'!"" & $B24 & "":"" & $B24), (INDIRECT(""'"" & $B$16 & ""'!"" & $B$17 & "":"" & $B$17) = J$18) * (ISNUMBER(SEARCH($B$4, INDIRECT(""'"" & $B$16 & ""'!"" & $B$12 & "":"""&" & $B$12)))) ) )"),"#N/A") -> #N/A | P24: =IFERROR(__xludf.DUMMYFUNCTION("AVERAGE( FILTER( INDIRECT(""'"" & $B$16 & ""'!"" & $B24 & "":"" & $B24), (INDIRECT(""'"" & $B$16 & ""'!"" & $B$17 & "":"" & $B$17) = K$18) * (ISNUMBER(SEARCH($B$4, INDIRECT(""'"" & $B$16 & ""'!"" & $B$12 & "":"""&" & $B$12)))) ) )"),"#N/A") -> #N/A | Q24: =IFERROR(__xludf.DUMMYFUNCTION("AVERAGE( FILTER( INDIRECT(""'"" & $B$16 & ""'!"" & $B24 & "":"" & $B24), (INDIRECT(""'"" & $B$16 & ""'!"" & $B$17 & "":"" & $B$17) = L$18) * (ISNUMBER(SEARCH($B$4, INDIRECT(""'"" & $B$16 & ""'!"" & $B$12 & "":"""&" & $B$12)))) ) )"),"#N/A") -> #N/A | R24: =IFERROR(__xludf.DUMMYFUNCTION("AVERAGE( FILTER( INDIRECT(""'"" & $B$16 & ""'!"" & $B24 & "":"" & $B24), (INDIRECT(""'"" & $B$16 & ""'!"" & $B$17 & "":"" & $B$17) = M$18) * (ISNUMBER(SEARCH($B$4, INDIRECT(""'"" & $B$16 & ""'!"" & $B$12 & "":"""&" & $B$12)))) ) )"),"#N/A") -> #N/A | S24: =($B$6^2*I24)^0.5 -> 0 | T24: =($B$7^2*J24)^0.5 -> 0 | U24: =($B$8^2*K24)^0.5 -> 0 | V24: =($B$9^2*L24)^0.5 -> 0 | W24: =($B$10^2*M24)^0.5 -> 0 | X24: =N24*$B$6 -> 0 | Y24: =O24*$B$7 -> #N/A | Z24: =P24*$B$8 -> #N/A | AA24: =Q24*$B$9 -> #N/A | AB24: =R24*$B$10 -> #N/A | AC24: =N24*$C$6 -> 0 | AD24: =O24*$C$7 -> #N/A | AE24: =P24*$C$8 -> #N/A | AF24: =Q24*$C$9 -> #N/A | AG24: =R24*$C$10 -> #N/A | AH24: =(S24*S24+T24*T24+U24*U24+V24*V24+W24*W24)^0.5 -> 0 | AI24: =AH24*$B$14 -> 0 | AJ24: =SUM(X24:AB24) -> #N/A | AK24: =IF(AI24=0,0,AI24/AJ24) -> 0 | AL24: =AJ24/$B$2 -> #N/A
A25: Def2022 | B25: =IFERROR("$" & SUBSTITUTE(ADDRESS(1, MATCH(A25, INDIRECT("'" & $B$16 & "'!1:1"), 0), 4), "1", ""), "Not Found") -> $AM | C25: =COUNTIFS(INDIRECT("'" & $B$16 & "'!" & $B$17 & ":" & $B$17),C$18,INDIRECT("'" & $B$16 & "'!" & $B$18 & ":" & $B$18),$A25,INDIRECT("'" & $B$16 & "'!" & $B$12 & ":" & $B$12), "*" & $B$4 & "*") -> 0 | D25: =COUNTIFS(INDIRECT("'" & $B$16 & "'!" & $B$17 & ":" & $B$17),D$18,INDIRECT("'" & $B$16 & "'!" & $B$18 & ":" & $B$18),$A25,INDIRECT("'" & $B$16 & "'!" & $B$12 & ":" & $B$12), "*" & $B$4 & "*") -> 0 | E25: =COUNTIFS(INDIRECT("'" & $B$16 & "'!" & $B$17 & ":" & $B$17),E$18,INDIRECT("'" & $B$16 & "'!" & $B$18 & ":" & $B$18),$A25,INDIRECT("'" & $B$16 & "'!" & $B$12 & ":" & $B$12), "*" & $B$4 & "*") -> 0 | F25: =COUNTIFS(INDIRECT("'" & $B$16 & "'!" & $B$17 & ":" & $B$17),F$18,INDIRECT("'" & $B$16 & "'!" & $B$18 & ":" & $B$18),$A25,INDIRECT("'" & $B$16 & "'!" & $B$12 & ":" & $B$12), "*" & $B$4 & "*") -> 0 | G25: =COUNTIFS(INDIRECT("'" & $B$16 & "'!" & $B$17 & ":" & $B$17),G$18,INDIRECT("'" & $B$16 & "'!" & $B$18 & ":" & $B$18),$A25,INDIRECT("'" & $B$16 & "'!" & $B$12 & ":" & $B$12), "*" & $B$4 & "*") -> 0 | H25: =SUM(C25:G25) -> 0 | I25: =IFERROR(__xludf.DUMMYFUNCTION("IF($D$6=0, 0, VAR.S( FILTER( INDIRECT(""'"" & $B$16 & ""'!"" & $B25 & "":"" & $B25), (INDIRECT(""'"" & $B$16 & ""'!"" & $B$17 & "":"" & $B$17) = I$18) * (ISNUMBER(SEARCH($B$4, INDIRECT(""'"" & $B$16 & ""'!"&""" & $B$12 & "":"" & $B$12)))) ) ) / $D$6 ) "),0.0) -> 0 | J25: =IFERROR(__xludf.DUMMYFUNCTION("IF($D$7=0, 0, VAR.S( FILTER( INDIRECT(""'"" & $B$16 & ""'!"" & $B25 & "":"" & $B25), (INDIRECT(""'"" & $B$16 & ""'!"" & $B$17 & "":"" & $B$17) = J$18) * (ISNUMBER(SEARCH($B$4, INDIRECT(""'"" & $B$16 & ""'!"&""" & $B$12 & "":"" & $B$12)))) ) ) / $D$7 ) "),0.0) -> 0 | K25: =IFERROR(__xludf.DUMMYFUNCTION("IF($D$8=0, 0, VAR.S( FILTER( INDIRECT(""'"" & $B$16 & ""'!"" & $B25 & "":"" & $B25), (INDIRECT(""'"" & $B$16 & ""'!"" & $B$17 & "":"" & $B$17) = K$18) * (ISNUMBER(SEARCH($B$4, INDIRECT(""'"" & $B$16 & ""'!"&""" & $B$12 & "":"" & $B$12)))) ) ) / $D$8 ) "),0.0) -> 0 | L25: =IFERROR(__xludf.DUMMYFUNCTION("IF($D$9=0, 0, VAR.S( FILTER( INDIRECT(""'"" & $B$16 & ""'!"" & $B25 & "":"" & $B25), (INDIRECT(""'"" & $B$16 & ""'!"" & $B$17 & "":"" & $B$17) = L$18) * (ISNUMBER(SEARCH($B$4, INDIRECT(""'"" & $B$16 & ""'!"&""" & $B$12 & "":"" & $B$12)))) ) ) / $D$9 ) "),0.0) -> 0 | M25: =IFERROR(__xludf.DUMMYFUNCTION("IF($D$10=0, 0, VAR.S( FILTER( INDIRECT(""'"" & $B$16 & ""'!"" & $B25 & "":"" & $B25), (INDIRECT(""'"" & $B$16 & ""'!"" & $B$17 & "":"" & $B$17) = M$18) * (ISNUMBER(SEARCH($B$4, INDIRECT(""'"" & $B$16 & ""'!"&""" & $B$12 & "":"" & $B$12)))) ) ) / $D$10 ) "),0.0) -> 0 | N25: =IFERROR(__xludf.DUMMYFUNCTION("AVERAGE( FILTER( INDIRECT(""'"" & $B$16 & ""'!"" & $B25 & "":"" & $B25), (INDIRECT(""'"" & $B$16 & ""'!"" & $B$17 & "":"" & $B$17) = I$18) * (ISNUMBER(SEARCH($B$4, INDIRECT(""'"" & $B$16 & ""'!"" & $B$12 & "":"""&" & $B$12)))) ) )"),0.0) -> 0 | O25: =IFERROR(__xludf.DUMMYFUNCTION("AVERAGE( FILTER( INDIRECT(""'"" & $B$16 & ""'!"" & $B25 & "":"" & $B25), (INDIRECT(""'"" & $B$16 & ""'!"" & $B$17 & "":"" & $B$17) = J$18) * (ISNUMBER(SEARCH($B$4, INDIRECT(""'"" & $B$16 & ""'!"" & $B$12 & "":"""&" & $B$12)))) ) )"),"#N/A") -> #N/A | P25: =IFERROR(__xludf.DUMMYFUNCTION("AVERAGE( FILTER( INDIRECT(""'"" & $B$16 & ""'!"" & $B25 & "":"" & $B25), (INDIRECT(""'"" & $B$16 & ""'!"" & $B$17 & "":"" & $B$17) = K$18) * (ISNUMBER(SEARCH($B$4, INDIRECT(""'"" & $B$16 & ""'!"" & $B$12 & "":"""&" & $B$12)))) ) )"),"#N/A") -> #N/A | Q25: =IFERROR(__xludf.DUMMYFUNCTION("AVERAGE( FILTER( INDIRECT(""'"" & $B$16 & ""'!"" & $B25 & "":"" & $B25), (INDIRECT(""'"" & $B$16 & ""'!"" & $B$17 & "":"" & $B$17) = L$18) * (ISNUMBER(SEARCH($B$4, INDIRECT(""'"" & $B$16 & ""'!"" & $B$12 & "":"""&" & $B$12)))) ) )"),"#N/A") -> #N/A | R25: =IFERROR(__xludf.DUMMYFUNCTION("AVERAGE( FILTER( INDIRECT(""'"" & $B$16 & ""'!"" & $B25 & "":"" & $B25), (INDIRECT(""'"" & $B$16 & ""'!"" & $B$17 & "":"" & $B$17) = M$18) * (ISNUMBER(SEARCH($B$4, INDIRECT(""'"" & $B$16 & ""'!"" & $B$12 & "":"""&" & $B$12)))) ) )"),"#N/A") -> #N/A | S25: =($B$6^2*I25)^0.5 -> 0 | T25: =($B$7^2*J25)^0.5 -> 0 | U25: =($B$8^2*K25)^0.5 -> 0 | V25: =($B$9^2*L25)^0.5 -> 0 | W25: =($B$10^2*M25)^0.5 -> 0 | X25: =N25*$B$6 -> 0 | Y25: =O25*$B$7 -> #N/A | Z25: =P25*$B$8 -> #N/A | AA25: =Q25*$B$9 -> #N/A | AB25: =R25*$B$10 -> #N/A | AC25: =N25*$C$6 -> 0 | AD25: =O25*$C$7 -> #N/A | AE25: =P25*$C$8 -> #N/A | AF25: =Q25*$C$9 -> #N/A | AG25: =R25*$C$10 -> #N/A | AH25: =(S25*S25+T25*T25+U25*U25+V25*V25+W25*W25)^0.5 -> 0 | AI25: =AH25*$B$14 -> 0 | AJ25: =SUM(X25:AB25) -> #N/A | AK25: =IF(AI25=0,0,AI25/AJ25) -> 0 | AL25: =AJ25/$B$2 -> #N/A
H26: =SUM(H19:H25) -> 1 | AJ26: =SUM(AJ19:AJ25) -> #N/A
A27: Deg2016 | B27: =IFERROR("$" & SUBSTITUTE(ADDRESS(1, MATCH(A27, INDIRECT("'" & $B$16 & "'!1:1"), 0), 4), "1", ""), "Not Found") -> $AN | C27: =COUNTIFS(INDIRECT("'" & $B$16 & "'!" & $B$17 & ":" & $B$17),C$18,INDIRECT("'" & $B$16 & "'!" & $B$18 & ":" & $B$18),$A27,INDIRECT("'" & $B$16 & "'!" & $B$12 & ":" & $B$12), "*" & $B$4 & "*") -> 0 | D27: =COUNTIFS(INDIRECT("'" & $B$16 & "'!" & $B$17 & ":" & $B$17),D$18,INDIRECT("'" & $B$16 & "'!" & $B$18 & ":" & $B$18),$A27,INDIRECT("'" & $B$16 & "'!" & $B$12 & ":" & $B$12), "*" & $B$4 & "*") -> 0 | E27: =COUNTIFS(INDIRECT("'" & $B$16 & "'!" & $B$17 & ":" & $B$17),E$18,INDIRECT("'" & $B$16 & "'!" & $B$18 & ":" & $B$18),$A27,INDIRECT("'" & $B$16 & "'!" & $B$12 & ":" & $B$12), "*" & $B$4 & "*") -> 0 | F27: =COUNTIFS(INDIRECT("'" & $B$16 & "'!" & $B$17 & ":" & $B$17),F$18,INDIRECT("'" & $B$16 & "'!" & $B$18 & ":" & $B$18),$A27,INDIRECT("'" & $B$16 & "'!" & $B$12 & ":" & $B$12), "*" & $B$4 & "*") -> 0 | G27: =COUNTIFS(INDIRECT("'" & $B$16 & "'!" & $B$17 & ":" & $B$17),G$18,INDIRECT("'" & $B$16 & "'!" & $B$18 & ":" & $B$18),$A27,INDIRECT("'" & $B$16 & "'!" & $B$12 & ":" & $B$12), "*" & $B$4 & "*") -> 0 | H27: =SUM(C27:G27) -> 0 | I27: =IFERROR(__xludf.DUMMYFUNCTION("IF($D$6=0, 0, VAR.S( FILTER( INDIRECT(""'"" & $B$16 & ""'!"" & $B27 & "":"" & $B27), (INDIRECT(""'"" & $B$16 & ""'!"" & $B$17 & "":"" & $B$17) = I$18) * (ISNUMBER(SEARCH($B$4, INDIRECT(""'"" & $B$16 & ""'!"&""" & $B$12 & "":"" & $B$12)))) ) ) / $D$6 ) "),0.0) -> 0 | J27: =IFERROR(__xludf.DUMMYFUNCTION("IF($D$7=0, 0, VAR.S( FILTER( INDIRECT(""'"" & $B$16 & ""'!"" & $B27 & "":"" & $B27), (INDIRECT(""'"" & $B$16 & ""'!"" & $B$17 & "":"" & $B$17) = J$18) * (ISNUMBER(SEARCH($B$4, INDIRECT(""'"" & $B$16 & ""'!"&""" & $B$12 & "":"" & $B$12)))) ) ) / $D$7 ) "),0.0) -> 0 | K27: =IFERROR(__xludf.DUMMYFUNCTION("IF($D$8=0, 0, VAR.S( FILTER( INDIRECT(""'"" & $B$16 & ""'!"" & $B27 & "":"" & $B27), (INDIRECT(""'"" & $B$16 & ""'!"" & $B$17 & "":"" & $B$17) = K$18) * (ISNUMBER(SEARCH($B$4, INDIRECT(""'"" & $B$16 & ""'!"&""" & $B$12 & "":"" & $B$12)))) ) ) / $D$8 ) "),0.0) -> 0 | L27: =IFERROR(__xludf.DUMMYFUNCTION("IF($D$9=0, 0, VAR.S( FILTER( INDIRECT(""'"" & $B$16 & ""'!"" & $B27 & "":"" & $B27), (INDIRECT(""'"" & $B$16 & ""'!"" & $B$17 & "":"" & $B$17) = L$18) * (ISNUMBER(SEARCH($B$4, INDIRECT(""'"" & $B$16 & ""'!"&""" & $B$12 & "":"" & $B$12)))) ) ) / $D$9 ) "),0.0) -> 0 | M27: =IFERROR(__xludf.DUMMYFUNCTION("IF($D$10=0, 0, VAR.S( FILTER( INDIRECT(""'"" & $B$16 & ""'!"" & $B27 & "":"" & $B27), (INDIRECT(""'"" & $B$16 & ""'!"" & $B$17 & "":"" & $B$17) = M$18) * (ISNUMBER(SEARCH($B$4, INDIRECT(""'"" & $B$16 & ""'!"&""" & $B$12 & "":"" & $B$12)))) ) ) / $D$10 ) "),0.0) -> 0 | N27: =IFERROR(__xludf.DUMMYFUNCTION("AVERAGE( FILTER( INDIRECT(""'"" & $B$16 & ""'!"" & $B27 & "":"" & $B27), (INDIRECT(""'"" & $B$16 & ""'!"" & $B$17 & "":"" & $B$17) = I$18) * (ISNUMBER(SEARCH($B$4, INDIRECT(""'"" & $B$16 & ""'!"" & $B$12 & "":"""&" & $B$12)))) ) )"),0.0) -> 0 | O27: =IFERROR(__xludf.DUMMYFUNCTION("AVERAGE( FILTER( INDIRECT(""'"" & $B$16 & ""'!"" & $B27 & "":"" & $B27), (INDIRECT(""'"" & $B$16 & ""'!"" & $B$17 & "":"" & $B$17) = J$18) * (ISNUMBER(SEARCH($B$4, INDIRECT(""'"" & $B$16 & ""'!"" & $B$12 & "":"""&" & $B$12)))) ) )"),"#N/A") -> #N/A | P27: =IFERROR(__xludf.DUMMYFUNCTION("AVERAGE( FILTER( INDIRECT(""'"" & $B$16 & ""'!"" & $B27 & "":"" & $B27), (INDIRECT(""'"" & $B$16 & ""'!"" & $B$17 & "":"" & $B$17) = K$18) * (ISNUMBER(SEARCH($B$4, INDIRECT(""'"" & $B$16 & ""'!"" & $B$12 & "":"""&" & $B$12)))) ) )"),"#N/A") -> #N/A | Q27: =IFERROR(__xludf.DUMMYFUNCTION("AVERAGE( FILTER( INDIRECT(""'"" & $B$16 & ""'!"" & $B27 & "":"" & $B27), (INDIRECT(""'"" & $B$16 & ""'!"" & $B$17 & "":"" & $B$17) = L$18) * (ISNUMBER(SEARCH($B$4, INDIRECT(""'"" & $B$16 & ""'!"" & $B$12 & "":"""&" & $B$12)))) ) )"),"#N/A") -> #N/A | R27: =IFERROR(__xludf.DUMMYFUNCTION("AVERAGE( FILTER( INDIRECT(""'"" & $B$16 & ""'!"" & $B27 & "":"" & $B27), (INDIRECT(""'"" & $B$16 & ""'!"" & $B$17 & "":"" & $B$17) = M$18) * (ISNUMBER(SEARCH($B$4, INDIRECT(""'"" & $B$16 & ""'!"" & $B$12 & "":"""&" & $B$12)))) ) )"),"#N/A") -> #N/A | S27: =($B$6^2*I27)^0.5 -> 0 | T27: =($B$7^2*J27)^0.5 -> 0 | U27: =($B$8^2*K27)^0.5 -> 0 | V27: =($B$9^2*L27)^0.5 -> 0 | W27: =($B$10^2*M27)^0.5 -> 0 | X27: =N27*$B$6 -> 0 | Y27: =O27*$B$7 -> #N/A | Z27: =P27*$B$8 -> #N/A | AA27: =Q27*$B$9 -> #N/A | AB27: =R27*$B$10 -> #N/A | AC27: =N27*$C$6 -> 0 | AD27: =O27*$C$7 -> #N/A | AE27: =P27*$C$8 -> #N/A | AF27: =Q27*$C$9 -> #N/A | AG27: =R27*$C$10 -> #N/A | AH27: =(S27*S27+T27*T27+U27*U27+V27*V27+W27*W27)^0.5 -> 0 | AI27: =AH27*$B$14 -> 0 | AJ27: =SUM(X27:AB27) -> #N/A | AK27: =IF(AI27=0,0,AI27/AJ27) -> 0 | AL27: =AJ27/$B$2 -> #N/A
A28: Deg2017 | B28: =IFERROR("$" & SUBSTITUTE(ADDRESS(1, MATCH(A28, INDIRECT("'" & $B$16 & "'!1:1"), 0), 4), "1", ""), "Not Found") -> $AO | C28: =COUNTIFS(INDIRECT("'" & $B$16 & "'!" & $B$17 & ":" & $B$17),C$18,INDIRECT("'" & $B$16 & "'!" & $B$18 & ":" & $B$18),$A28,INDIRECT("'" & $B$16 & "'!" & $B$12 & ":" & $B$12), "*" & $B$4 & "*") -> 0 | D28: =COUNTIFS(INDIRECT("'" & $B$16 & "'!" & $B$17 & ":" & $B$17),D$18,INDIRECT("'" & $B$16 & "'!" & $B$18 & ":" & $B$18),$A28,INDIRECT("'" & $B$16 & "'!" & $B$12 & ":" & $B$12), "*" & $B$4 & "*") -> 0 | E28: =COUNTIFS(INDIRECT("'" & $B$16 & "'!" & $B$17 & ":" & $B$17),E$18,INDIRECT("'" & $B$16 & "'!" & $B$18 & ":" & $B$18),$A28,INDIRECT("'" & $B$16 & "'!" & $B$12 & ":" & $B$12), "*" & $B$4 & "*") -> 0 | F28: =COUNTIFS(INDIRECT("'" & $B$16 & "'!" & $B$17 & ":" & $B$17),F$18,INDIRECT("'" & $B$16 & "'!" & $B$18 & ":" & $B$18),$A28,INDIRECT("'" & $B$16 & "'!" & $B$12 & ":" & $B$12), "*" & $B$4 & "*") -> 0 | G28: =COUNTIFS(INDIRECT("'" & $B$16 & "'!" & $B$17 & ":" & $B$17),G$18,INDIRECT("'" & $B$16 & "'!" & $B$18 & ":" & $B$18),$A28,INDIRECT("'" & $B$16 & "'!" & $B$12 & ":" & $B$12), "*" & $B$4 & "*") -> 0 | H28: =SUM(C28:G28) -> 0 | I28: =IFERROR(__xludf.DUMMYFUNCTION("IF($D$6=0, 0, VAR.S( FILTER( INDIRECT(""'"" & $B$16 & ""'!"" & $B28 & "":"" & $B28), (INDIRECT(""'"" & $B$16 & ""'!"" & $B$17 & "":"" & $B$17) = I$18) * (ISNUMBER(SEARCH($B$4, INDIRECT(""'"" & $B$16 & ""'!"&""" & $B$12 & "":"" & $B$12)))) ) ) / $D$6 ) "),0.0) -> 0 | J28: =IFERROR(__xludf.DUMMYFUNCTION("IF($D$7=0, 0, VAR.S( FILTER( INDIRECT(""'"" & $B$16 & ""'!"" & $B28 & "":"" & $B28), (INDIRECT(""'"" & $B$16 & ""'!"" & $B$17 & "":"" & $B$17) = J$18) * (ISNUMBER(SEARCH($B$4, INDIRECT(""'"" & $B$16 & ""'!"&""" & $B$12 & "":"" & $B$12)))) ) ) / $D$7 ) "),0.0) -> 0 | K28: =IFERROR(__xludf.DUMMYFUNCTION("IF($D$8=0, 0, VAR.S( FILTER( INDIRECT(""'"" & $B$16 & ""'!"" & $B28 & "":"" & $B28), (INDIRECT(""'"" & $B$16 & ""'!"" & $B$17 & "":"" & $B$17) = K$18) * (ISNUMBER(SEARCH($B$4, INDIRECT(""'"" & $B$16 & ""'!"&""" & $B$12 & "":"" & $B$12)))) ) ) / $D$8 ) "),0.0) -> 0 | L28: =IFERROR(__xludf.DUMMYFUNCTION("IF($D$9=0, 0, VAR.S( FILTER( INDIRECT(""'"" & $B$16 & ""'!"" & $B28 & "":"" & $B28), (INDIRECT(""'"" & $B$16 & ""'!"" & $B$17 & "":"" & $B$17) = L$18) * (ISNUMBER(SEARCH($B$4, INDIRECT(""'"" & $B$16 & ""'!"&""" & $B$12 & "":"" & $B$12)))) ) ) / $D$9 ) "),0.0) -> 0 | M28: =IFERROR(__xludf.DUMMYFUNCTION("IF($D$10=0, 0, VAR.S( FILTER( INDIRECT(""'"" & $B$16 & ""'!"" & $B28 & "":"" & $B28), (INDIRECT(""'"" & $B$16 & ""'!"" & $B$17 & "":"" & $B$17) = M$18) * (ISNUMBER(SEARCH($B$4, INDIRECT(""'"" & $B$16 & ""'!"&""" & $B$12 & "":"" & $B$12)))) ) ) / $D$10 ) "),0.0) -> 0 | N28: =IFERROR(__xludf.DUMMYFUNCTION("AVERAGE( FILTER( INDIRECT(""'"" & $B$16 & ""'!"" & $B28 & "":"" & $B28), (INDIRECT(""'"" & $B$16 & ""'!"" & $B$17 & "":"" & $B$17) = I$18) * (ISNUMBER(SEARCH($B$4, INDIRECT(""'"" & $B$16 & ""'!"" & $B$12 & "":"""&" & $B$12)))) ) )"),0.0) -> 0 | O28: =IFERROR(__xludf.DUMMYFUNCTION("AVERAGE( FILTER( INDIRECT(""'"" & $B$16 & ""'!"" & $B28 & "":"" & $B28), (INDIRECT(""'"" & $B$16 & ""'!"" & $B$17 & "":"" & $B$17) = J$18) * (ISNUMBER(SEARCH($B$4, INDIRECT(""'"" & $B$16 & ""'!"" & $B$12 & "":"""&" & $B$12)))) ) )"),"#N/A") -> #N/A | P28: =IFERROR(__xludf.DUMMYFUNCTION("AVERAGE( FILTER( INDIRECT(""'"" & $B$16 & ""'!"" & $B28 & "":"" & $B28), (INDIRECT(""'"" & $B$16 & ""'!"" & $B$17 & "":"" & $B$17) = K$18) * (ISNUMBER(SEARCH($B$4, INDIRECT(""'"" & $B$16 & ""'!"" & $B$12 & "":"""&" & $B$12)))) ) )"),"#N/A") -> #N/A | Q28: =IFERROR(__xludf.DUMMYFUNCTION("AVERAGE( FILTER( INDIRECT(""'"" & $B$16 & ""'!"" & $B28 & "":"" & $B28), (INDIRECT(""'"" & $B$16 & ""'!"" & $B$17 & "":"" & $B$17) = L$18) * (ISNUMBER(SEARCH($B$4, INDIRECT(""'"" & $B$16 & ""'!"" & $B$12 & "":"""&" & $B$12)))) ) )"),"#N/A") -> #N/A | R28: =IFERROR(__xludf.DUMMYFUNCTION("AVERAGE( FILTER( INDIRECT(""'"" & $B$16 & ""'!"" & $B28 & "":"" & $B28), (INDIRECT(""'"" & $B$16 & ""'!"" & $B$17 & "":"" & $B$17) = M$18) * (ISNUMBER(SEARCH($B$4, INDIRECT(""'"" & $B$16 & ""'!"" & $B$12 & "":"""&" & $B$12)))) ) )"),"#N/A") -> #N/A | S28: =($B$6^2*I28)^0.5 -> 0 | T28: =($B$7^2*J28)^0.5 -> 0 | U28: =($B$8^2*K28)^0.5 -> 0 | V28: =($B$9^2*L28)^0.5 -> 0 | W28: =($B$10^2*M28)^0.5 -> 0 | X28: =N28*$B$6 -> 0 | Y28: =O28*$B$7 -> #N/A | Z28: =P28*$B$8 -> #N/A | AA28: =Q28*$B$9 -> #N/A | AB28: =R28*$B$10 -> #N/A | AC28: =N28*$C$6 -> 0 | AD28: =O28*$C$7 -> #N/A | AE28: =P28*$C$8 -> #N/A | AF28: =Q28*$C$9 -> #N/A | AG28: =R28*$C$10 -> #N/A | AH28: =(S28*S28+T28*T28+U28*U28+V28*V28+W28*W28)^0.5 -> 0 | AI28: =AH28*$B$14 -> 0 | AJ28: =SUM(X28:AB28) -> #N/A | AK28: =IF(AI28=0,0,AI28/AJ28) -> 0 | AL28: =AJ28/$B$2 -> #N/A
A29: Deg2018 | B29: =IFERROR("$" & SUBSTITUTE(ADDRESS(1, MATCH(A29, INDIRECT("'" & $B$16 & "'!1:1"), 0), 4), "1", ""), "Not Found") -> $AP | C29: =COUNTIFS(INDIRECT("'" & $B$16 & "'!" & $B$17 & ":" & $B$17),C$18,INDIRECT("'" & $B$16 & "'!" & $B$18 & ":" & $B$18),$A29,INDIRECT("'" & $B$16 & "'!" & $B$12 & ":" & $B$12), "*" & $B$4 & "*") -> 0 | D29: =COUNTIFS(INDIRECT("'" & $B$16 & "'!" & $B$17 & ":" & $B$17),D$18,INDIRECT("'" & $B$16 & "'!" & $B$18 & ":" & $B$18),$A29,INDIRECT("'" & $B$16 & "'!" & $B$12 & ":" & $B$12), "*" & $B$4 & "*") -> 0 | E29: =COUNTIFS(INDIRECT("'" & $B$16 & "'!" & $B$17 & ":" & $B$17),E$18,INDIRECT("'" & $B$16 & "'!" & $B$18 & ":" & $B$18),$A29,INDIRECT("'" & $B$16 & "'!" & $B$12 & ":" & $B$12), "*" & $B$4 & "*") -> 0 | F29: =COUNTIFS(INDIRECT("'" & $B$16 & "'!" & $B$17 & ":" & $B$17),F$18,INDIRECT("'" & $B$16 & "'!" & $B$18 & ":" & $B$18),$A29,INDIRECT("'" & $B$16 & "'!" & $B$12 & ":" & $B$12), "*" & $B$4 & "*") -> 0 | G29: =COUNTIFS(INDIRECT("'" & $B$16 & "'!" & $B$17 & ":" & $B$17),G$18,INDIRECT("'" & $B$16 & "'!" & $B$18 & ":" & $B$18),$A29,INDIRECT("'" & $B$16 & "'!" & $B$12 & ":" & $B$12), "*" & $B$4 & "*") -> 0 | H29: =SUM(C29:G29) -> 0 | I29: =IFERROR(__xludf.DUMMYFUNCTION("IF($D$6=0, 0, VAR.S( FILTER( INDIRECT(""'"" & $B$16 & ""'!"" & $B29 & "":"" & $B29), (INDIRECT(""'"" & $B$16 & ""'!"" & $B$17 & "":"" & $B$17) = I$18) * (ISNUMBER(SEARCH($B$4, INDIRECT(""'"" & $B$16 & ""'!"&""" & $B$12 & "":"" & $B$12)))) ) ) / $D$6 ) "),0.0) -> 0 | J29: =IFERROR(__xludf.DUMMYFUNCTION("IF($D$7=0, 0, VAR.S( FILTER( INDIRECT(""'"" & $B$16 & ""'!"" & $B29 & "":"" & $B29), (INDIRECT(""'"" & $B$16 & ""'!"" & $B$17 & "":"" & $B$17) = J$18) * (ISNUMBER(SEARCH($B$4, INDIRECT(""'"" & $B$16 & ""'!"&""" & $B$12 & "":"" & $B$12)))) ) ) / $D$7 ) "),0.0) -> 0 | K29: =IFERROR(__xludf.DUMMYFUNCTION("IF($D$8=0, 0, VAR.S( FILTER( INDIRECT(""'"" & $B$16 & ""'!"" & $B29 & "":"" & $B29), (INDIRECT(""'"" & $B$16 & ""'!"" & $B$17 & "":"" & $B$17) = K$18) * (ISNUMBER(SEARCH($B$4, INDIRECT(""'"" & $B$16 & ""'!"&""" & $B$12 & "":"" & $B$12)))) ) ) / $D$8 ) "),0.0) -> 0 | L29: =IFERROR(__xludf.DUMMYFUNCTION("IF($D$9=0, 0, VAR.S( FILTER( INDIRECT(""'"" & $B$16 & ""'!"" & $B29 & "":"" & $B29), (INDIRECT(""'"" & $B$16 & ""'!"" & $B$17 & "":"" & $B$17) = L$18) * (ISNUMBER(SEARCH($B$4, INDIRECT(""'"" & $B$16 & ""'!"&""" & $B$12 & "":"" & $B$12)))) ) ) / $D$9 ) "),0.0) -> 0 | M29: =IFERROR(__xludf.DUMMYFUNCTION("IF($D$10=0, 0, VAR.S( FILTER( INDIRECT(""'"" & $B$16 & ""'!"" & $B29 & "":"" & $B29), (INDIRECT(""'"" & $B$16 & ""'!"" & $B$17 & "":"" & $B$17) = M$18) * (ISNUMBER(SEARCH($B$4, INDIRECT(""'"" & $B$16 & ""'!"&""" & $B$12 & "":"" & $B$12)))) ) ) / $D$10 ) "),0.0) -> 0 | N29: =IFERROR(__xludf.DUMMYFUNCTION("AVERAGE( FILTER( INDIRECT(""'"" & $B$16 & ""'!"" & $B29 & "":"" & $B29), (INDIRECT(""'"" & $B$16 & ""'!"" & $B$17 & "":"" & $B$17) = I$18) * (ISNUMBER(SEARCH($B$4, INDIRECT(""'"" & $B$16 & ""'!"" & $B$12 & "":"""&" & $B$12)))) ) )"),0.0) -> 0 | O29: =IFERROR(__xludf.DUMMYFUNCTION("AVERAGE( FILTER( INDIRECT(""'"" & $B$16 & ""'!"" & $B29 & "":"" & $B29), (INDIRECT(""'"" & $B$16 & ""'!"" & $B$17 & "":"" & $B$17) = J$18) * (ISNUMBER(SEARCH($B$4, INDIRECT(""'"" & $B$16 & ""'!"" & $B$12 & "":"""&" & $B$12)))) ) )"),"#N/A") -> #N/A | P29: =IFERROR(__xludf.DUMMYFUNCTION("AVERAGE( FILTER( INDIRECT(""'"" & $B$16 & ""'!"" & $B29 & "":"" & $B29), (INDIRECT(""'"" & $B$16 & ""'!"" & $B$17 & "":"" & $B$17) = K$18) * (ISNUMBER(SEARCH($B$4, INDIRECT(""'"" & $B$16 & ""'!"" & $B$12 & "":"""&" & $B$12)))) ) )"),"#N/A") -> #N/A | Q29: =IFERROR(__xludf.DUMMYFUNCTION("AVERAGE( FILTER( INDIRECT(""'"" & $B$16 & ""'!"" & $B29 & "":"" & $B29), (INDIRECT(""'"" & $B$16 & ""'!"" & $B$17 & "":"" & $B$17) = L$18) * (ISNUMBER(SEARCH($B$4, INDIRECT(""'"" & $B$16 & ""'!"" & $B$12 & "":"""&" & $B$12)))) ) )"),"#N/A") -> #N/A | R29: =IFERROR(__xludf.DUMMYFUNCTION("AVERAGE( FILTER( INDIRECT(""'"" & $B$16 & ""'!"" & $B29 & "":"" & $B29), (INDIRECT(""'"" & $B$16 & ""'!"" & $B$17 & "":"" & $B$17) = M$18) * (ISNUMBER(SEARCH($B$4, INDIRECT(""'"" & $B$16 & ""'!"" & $B$12 & "":"""&" & $B$12)))) ) )"),"#N/A") -> #N/A | S29: =($B$6^2*I29)^0.5 -> 0 | T29: =($B$7^2*J29)^0.5 -> 0 | U29: =($B$8^2*K29)^0.5 -> 0 | V29: =($B$9^2*L29)^0.5 -> 0 | W29: =($B$10^2*M29)^0.5 -> 0 | X29: =N29*$B$6 -> 0 | Y29: =O29*$B$7 -> #N/A | Z29: =P29*$B$8 -> #N/A | AA29: =Q29*$B$9 -> #N/A | AB29: =R29*$B$10 -> #N/A | AC29: =N29*$C$6 -> 0 | AD29: =O29*$C$7 -> #N/A | AE29: =P29*$C$8 -> #N/A | AF29: =Q29*$C$9 -> #N/A | AG29: =R29*$C$10 -> #N/A | AH29: =(S29*S29+T29*T29+U29*U29+V29*V29+W29*W29)^0.5 -> 0 | AI29: =AH29*$B$14 -> 0 | AJ29: =SUM(X29:AB29) -> #N/A | AK29: =IF(AI29=0,0,AI29/AJ29) -> 0 | AL29: =AJ29/$B$2 -> #N/A
A30: Deg2019 | B30: =IFERROR("$" & SUBSTITUTE(ADDRESS(1, MATCH(A30, INDIRECT("'" & $B$16 & "'!1:1"), 0), 4), "1", ""), "Not Found") -> $AQ | C30: =COUNTIFS(INDIRECT("'" & $B$16 & "'!" & $B$17 & ":" & $B$17),C$18,INDIRECT("'" & $B$16 & "'!" & $B$18 & ":" & $B$18),$A30,INDIRECT("'" & $B$16 & "'!" & $B$12 & ":" & $B$12), "*" & $B$4 & "*") -> 0 | D30: =COUNTIFS(INDIRECT("'" & $B$16 & "'!" & $B$17 & ":" & $B$17),D$18,INDIRECT("'" & $B$16 & "'!" & $B$18 & ":" & $B$18),$A30,INDIRECT("'" & $B$16 & "'!" & $B$12 & ":" & $B$12), "*" & $B$4 & "*") -> 0 | E30: =COUNTIFS(INDIRECT("'" & $B$16 & "'!" & $B$17 & ":" & $B$17),E$18,INDIRECT("'" & $B$16 & "'!" & $B$18 & ":" & $B$18),$A30,INDIRECT("'" & $B$16 & "'!" & $B$12 & ":" & $B$12), "*" & $B$4 & "*") -> 0 | F30: =COUNTIFS(INDIRECT("'" & $B$16 & "'!" & $B$17 & ":" & $B$17),F$18,INDIRECT("'" & $B$16 & "'!" & $B$18 & ":" & $B$18),$A30,INDIRECT("'" & $B$16 & "'!" & $B$12 & ":" & $B$12), "*" & $B$4 & "*") -> 0 | G30: =COUNTIFS(INDIRECT("'" & $B$16 & "'!" & $B$17 & ":" & $B$17),G$18,INDIRECT("'" & $B$16 & "'!" & $B$18 & ":" & $B$18),$A30,INDIRECT("'" & $B$16 & "'!" & $B$12 & ":" & $B$12), "*" & $B$4 & "*") -> 0 | H30: =SUM(C30:G30) -> 0 | I30: =IFERROR(__xludf.DUMMYFUNCTION("IF($D$6=0, 0, VAR.S( FILTER( INDIRECT(""'"" & $B$16 & ""'!"" & $B30 & "":"" & $B30), (INDIRECT(""'"" & $B$16 & ""'!"" & $B$17 & "":"" & $B$17) = I$18) * (ISNUMBER(SEARCH($B$4, INDIRECT(""'"" & $B$16 & ""'!"&""" & $B$12 & "":"" & $B$12)))) ) ) / $D$6 ) "),0.0) -> 0 | J30: =IFERROR(__xludf.DUMMYFUNCTION("IF($D$7=0, 0, VAR.S( FILTER( INDIRECT(""'"" & $B$16 & ""'!"" & $B30 & "":"" & $B30), (INDIRECT(""'"" & $B$16 & ""'!"" & $B$17 & "":"" & $B$17) = J$18) * (ISNUMBER(SEARCH($B$4, INDIRECT(""'"" & $B$16 & ""'!"&""" & $B$12 & "":"" & $B$12)))) ) ) / $D$7 ) "),0.0) -> 0 | K30: =IFERROR(__xludf.DUMMYFUNCTION("IF($D$8=0, 0, VAR.S( FILTER( INDIRECT(""'"" & $B$16 & ""'!"" & $B30 & "":"" & $B30), (INDIRECT(""'"" & $B$16 & ""'!"" & $B$17 & "":"" & $B$17) = K$18) * (ISNUMBER(SEARCH($B$4, INDIRECT(""'"" & $B$16 & ""'!"&""" & $B$12 & "":"" & $B$12)))) ) ) / $D$8 ) "),0.0) -> 0 | L30: =IFERROR(__xludf.DUMMYFUNCTION("IF($D$9=0, 0, VAR.S( FILTER( INDIRECT(""'"" & $B$16 & ""'!"" & $B30 & "":"" & $B30), (INDIRECT(""'"" & $B$16 & ""'!"" & $B$17 & "":"" & $B$17) = L$18) * (ISNUMBER(SEARCH($B$4, INDIRECT(""'"" & $B$16 & ""'!"&""" & $B$12 & "":"" & $B$12)))) ) ) / $D$9 ) "),0.0) -> 0 | M30: =IFERROR(__xludf.DUMMYFUNCTION("IF($D$10=0, 0, VAR.S( FILTER( INDIRECT(""'"" & $B$16 & ""'!"" & $B30 & "":"" & $B30), (INDIRECT(""'"" & $B$16 & ""'!"" & $B$17 & "":"" & $B$17) = M$18) * (ISNUMBER(SEARCH($B$4, INDIRECT(""'"" & $B$16 & ""'!"&""" & $B$12 & "":"" & $B$12)))) ) ) / $D$10 ) "),0.0) -> 0 | N30: =IFERROR(__xludf.DUMMYFUNCTION("AVERAGE( FILTER( INDIRECT(""'"" & $B$16 & ""'!"" & $B30 & "":"" & $B30), (INDIRECT(""'"" & $B$16 & ""'!"" & $B$17 & "":"" & $B$17) = I$18) * (ISNUMBER(SEARCH($B$4, INDIRECT(""'"" & $B$16 & ""'!"" & $B$12 & "":"""&" & $B$12)))) ) )"),0.0) -> 0 | O30: =IFERROR(__xludf.DUMMYFUNCTION("AVERAGE( FILTER( INDIRECT(""'"" & $B$16 & ""'!"" & $B30 & "":"" & $B30), (INDIRECT(""'"" & $B$16 & ""'!"" & $B$17 & "":"" & $B$17) = J$18) * (ISNUMBER(SEARCH($B$4, INDIRECT(""'"" & $B$16 & ""'!"" & $B$12 & "":"""&" & $B$12)))) ) )"),"#N/A") -> #N/A | P30: =IFERROR(__xludf.DUMMYFUNCTION("AVERAGE( FILTER( INDIRECT(""'"" & $B$16 & ""'!"" & $B30 & "":"" & $B30), (INDIRECT(""'"" & $B$16 & ""'!"" & $B$17 & "":"" & $B$17) = K$18) * (ISNUMBER(SEARCH($B$4, INDIRECT(""'"" & $B$16 & ""'!"" & $B$12 & "":"""&" & $B$12)))) ) )"),"#N/A") -> #N/A | Q30: =IFERROR(__xludf.DUMMYFUNCTION("AVERAGE( FILTER( INDIRECT(""'"" & $B$16 & ""'!"" & $B30 & "":"" & $B30), (INDIRECT(""'"" & $B$16 & ""'!"" & $B$17 & "":"" & $B$17) = L$18) * (ISNUMBER(SEARCH($B$4, INDIRECT(""'"" & $B$16 & ""'!"" & $B$12 & "":"""&" & $B$12)))) ) )"),"#N/A") -> #N/A | R30: =IFERROR(__xludf.DUMMYFUNCTION("AVERAGE( FILTER( INDIRECT(""'"" & $B$16 & ""'!"" & $B30 & "":"" & $B30), (INDIRECT(""'"" & $B$16 & ""'!"" & $B$17 & "":"" & $B$17) = M$18) * (ISNUMBER(SEARCH($B$4, INDIRECT(""'"" & $B$16 & ""'!"" & $B$12 & "":"""&" & $B$12)))) ) )"),"#N/A") -> #N/A | S30: =($B$6^2*I30)^0.5 -> 0 | T30: =($B$7^2*J30)^0.5 -> 0 | U30: =($B$8^2*K30)^0.5 -> 0 | V30: =($B$9^2*L30)^0.5 -> 0 | W30: =($B$10^2*M30)^0.5 -> 0 | X30: =N30*$B$6 -> 0 | Y30: =O30*$B$7 -> #N/A | Z30: =P30*$B$8 -> #N/A | AA30: =Q30*$B$9 -> #N/A | AB30: =R30*$B$10 -> #N/A | AC30: =N30*$C$6 -> 0 | AD30: =O30*$C$7 -> #N/A | AE30: =P30*$C$8 -> #N/A | AF30: =Q30*$C$9 -> #N/A | AG30: =R30*$C$10 -> #N/A | AH30: =(S30*S30+T30*T30+U30*U30+V30*V30+W30*W30)^0.5 -> 0 | AI30: =AH30*$B$14 -> 0 | AJ30: =SUM(X30:AB30) -> #N/A | AK30: =IF(AI30=0,0,AI30/AJ30) -> 0 | AL30: =AJ30/$B$2 -> #N/A
A31: Deg2020 | B31: =IFERROR("$" & SUBSTITUTE(ADDRESS(1, MATCH(A31, INDIRECT("'" & $B$16 & "'!1:1"), 0), 4), "1", ""), "Not Found") -> $AR | C31: =COUNTIFS(INDIRECT("'" & $B$16 & "'!" & $B$17 & ":" & $B$17),C$18,INDIRECT("'" & $B$16 & "'!" & $B$18 & ":" & $B$18),$A31,INDIRECT("'" & $B$16 & "'!" & $B$12 & ":" & $B$12), "*" & $B$4 & "*") -> 0 | D31: =COUNTIFS(INDIRECT("'" & $B$16 & "'!" & $B$17 & ":" & $B$17),D$18,INDIRECT("'" & $B$16 & "'!" & $B$18 & ":" & $B$18),$A31,INDIRECT("'" & $B$16 & "'!" & $B$12 & ":" & $B$12), "*" & $B$4 & "*") -> 0 | E31: =COUNTIFS(INDIRECT("'" & $B$16 & "'!" & $B$17 & ":" & $B$17),E$18,INDIRECT("'" & $B$16 & "'!" & $B$18 & ":" & $B$18),$A31,INDIRECT("'" & $B$16 & "'!" & $B$12 & ":" & $B$12), "*" & $B$4 & "*") -> 0 | F31: =COUNTIFS(INDIRECT("'" & $B$16 & "'!" & $B$17 & ":" & $B$17),F$18,INDIRECT("'" & $B$16 & "'!" & $B$18 & ":" & $B$18),$A31,INDIRECT("'" & $B$16 & "'!" & $B$12 & ":" & $B$12), "*" & $B$4 & "*") -> 0 | G31: =COUNTIFS(INDIRECT("'" & $B$16 & "'!" & $B$17 & ":" & $B$17),G$18,INDIRECT("'" & $B$16 & "'!" & $B$18 & ":" & $B$18),$A31,INDIRECT("'" & $B$16 & "'!" & $B$12 & ":" & $B$12), "*" & $B$4 & "*") -> 0 | H31: =SUM(C31:G31) -> 0 | I31: =IFERROR(__xludf.DUMMYFUNCTION("IF($D$6=0, 0, VAR.S( FILTER( INDIRECT(""'"" & $B$16 & ""'!"" & $B31 & "":"" & $B31), (INDIRECT(""'"" & $B$16 & ""'!"" & $B$17 & "":"" & $B$17) = I$18) * (ISNUMBER(SEARCH($B$4, INDIRECT(""'"" & $B$16 & ""'!"&""" & $B$12 & "":"" & $B$12)))) ) ) / $D$6 ) "),0.0) -> 0 | J31: =IFERROR(__xludf.DUMMYFUNCTION("IF($D$7=0, 0, VAR.S( FILTER( INDIRECT(""'"" & $B$16 & ""'!"" & $B31 & "":"" & $B31), (INDIRECT(""'"" & $B$16 & ""'!"" & $B$17 & "":"" & $B$17) = J$18) * (ISNUMBER(SEARCH($B$4, INDIRECT(""'"" & $B$16 & ""'!"&""" & $B$12 & "":"" & $B$12)))) ) ) / $D$7 ) "),0.0) -> 0 | K31: =IFERROR(__xludf.DUMMYFUNCTION("IF($D$8=0, 0, VAR.S( FILTER( INDIRECT(""'"" & $B$16 & ""'!"" & $B31 & "":"" & $B31), (INDIRECT(""'"" & $B$16 & ""'!"" & $B$17 & "":"" & $B$17) = K$18) * (ISNUMBER(SEARCH($B$4, INDIRECT(""'"" & $B$16 & ""'!"&""" & $B$12 & "":"" & $B$12)))) ) ) / $D$8 ) "),0.0) -> 0 | L31: =IFERROR(__xludf.DUMMYFUNCTION("IF($D$9=0, 0, VAR.S( FILTER( INDIRECT(""'"" & $B$16 & ""'!"" & $B31 & "":"" & $B31), (INDIRECT(""'"" & $B$16 & ""'!"" & $B$17 & "":"" & $B$17) = L$18) * (ISNUMBER(SEARCH($B$4, INDIRECT(""'"" & $B$16 & ""'!"&""" & $B$12 & "":"" & $B$12)))) ) ) / $D$9 ) "),0.0) -> 0 | M31: =IFERROR(__xludf.DUMMYFUNCTION("IF($D$10=0, 0, VAR.S( FILTER( INDIRECT(""'"" & $B$16 & ""'!"" & $B31 & "":"" & $B31), (INDIRECT(""'"" & $B$16 & ""'!"" & $B$17 & "":"" & $B$17) = M$18) * (ISNUMBER(SEARCH($B$4, INDIRECT(""'"" & $B$16 & ""'!"&""" & $B$12 & "":"" & $B$12)))) ) ) / $D$10 ) "),0.0) -> 0 | N31: =IFERROR(__xludf.DUMMYFUNCTION("AVERAGE( FILTER( INDIRECT(""'"" & $B$16 & ""'!"" & $B31 & "":"" & $B31), (INDIRECT(""'"" & $B$16 & ""'!"" & $B$17 & "":"" & $B$17) = I$18) * (ISNUMBER(SEARCH($B$4, INDIRECT(""'"" & $B$16 & ""'!"" & $B$12 & "":"""&" & $B$12)))) ) )"),0.0) -> 0 | O31: =IFERROR(__xludf.DUMMYFUNCTION("AVERAGE( FILTER( INDIRECT(""'"" & $B$16 & ""'!"" & $B31 & "":"" & $B31), (INDIRECT(""'"" & $B$16 & ""'!"" & $B$17 & "":"" & $B$17) = J$18) * (ISNUMBER(SEARCH($B$4, INDIRECT(""'"" & $B$16 & ""'!"" & $B$12 & "":"""&" & $B$12)))) ) )"),"#N/A") -> #N/A | P31: =IFERROR(__xludf.DUMMYFUNCTION("AVERAGE( FILTER( INDIRECT(""'"" & $B$16 & ""'!"" & $B31 & "":"" & $B31), (INDIRECT(""'"" & $B$16 & ""'!"" & $B$17 & "":"" & $B$17) = K$18) * (ISNUMBER(SEARCH($B$4, INDIRECT(""'"" & $B$16 & ""'!"" & $B$12 & "":"""&" & $B$12)))) ) )"),"#N/A") -> #N/A | Q31: =IFERROR(__xludf.DUMMYFUNCTION("AVERAGE( FILTER( INDIRECT(""'"" & $B$16 & ""'!"" & $B31 & "":"" & $B31), (INDIRECT(""'"" & $B$16 & ""'!"" & $B$17 & "":"" & $B$17) = L$18) * (ISNUMBER(SEARCH($B$4, INDIRECT(""'"" & $B$16 & ""'!"" & $B$12 & "":"""&" & $B$12)))) ) )"),"#N/A") -> #N/A | R31: =IFERROR(__xludf.DUMMYFUNCTION("AVERAGE( FILTER( INDIRECT(""'"" & $B$16 & ""'!"" & $B31 & "":"" & $B31), (INDIRECT(""'"" & $B$16 & ""'!"" & $B$17 & "":"" & $B$17) = M$18) * (ISNUMBER(SEARCH($B$4, INDIRECT(""'"" & $B$16 & ""'!"" & $B$12 & "":"""&" & $B$12)))) ) )"),"#N/A") -> #N/A | S31: =($B$6^2*I31)^0.5 -> 0 | T31: =($B$7^2*J31)^0.5 -> 0 | U31: =($B$8^2*K31)^0.5 -> 0 | V31: =($B$9^2*L31)^0.5 -> 0 | W31: =($B$10^2*M31)^0.5 -> 0 | X31: =N31*$B$6 -> 0 | Y31: =O31*$B$7 -> #N/A | Z31: =P31*$B$8 -> #N/A | AA31: =Q31*$B$9 -> #N/A | AB31: =R31*$B$10 -> #N/A | AC31: =N31*$C$6 -> 0 | AD31: =O31*$C$7 -> #N/A | AE31: =P31*$C$8 -> #N/A | AF31: =Q31*$C$9 -> #N/A | AG31: =R31*$C$10 -> #N/A | AH31: =(S31*S31+T31*T31+U31*U31+V31*V31+W31*W31)^0.5 -> 0 | AI31: =AH31*$B$14 -> 0 | AJ31: =SUM(X31:AB31) -> #N/A | AK31: =IF(AI31=0,0,AI31/AJ31) -> 0 | AL31: =AJ31/$B$2 -> #N/A
A32: Deg2021 | B32: =IFERROR("$" & SUBSTITUTE(ADDRESS(1, MATCH(A32, INDIRECT("'" & $B$16 & "'!1:1"), 0), 4), "1", ""), "Not Found") -> $AS | C32: =COUNTIFS(INDIRECT("'" & $B$16 & "'!" & $B$17 & ":" & $B$17),C$18,INDIRECT("'" & $B$16 & "'!" & $B$18 & ":" & $B$18),$A32,INDIRECT("'" & $B$16 & "'!" & $B$12 & ":" & $B$12), "*" & $B$4 & "*") -> 0 | D32: =COUNTIFS(INDIRECT("'" & $B$16 & "'!" & $B$17 & ":" & $B$17),D$18,INDIRECT("'" & $B$16 & "'!" & $B$18 & ":" & $B$18),$A32,INDIRECT("'" & $B$16 & "'!" & $B$12 & ":" & $B$12), "*" & $B$4 & "*") -> 0 | E32: =COUNTIFS(INDIRECT("'" & $B$16 & "'!" & $B$17 & ":" & $B$17),E$18,INDIRECT("'" & $B$16 & "'!" & $B$18 & ":" & $B$18),$A32,INDIRECT("'" & $B$16 & "'!" & $B$12 & ":" & $B$12), "*" & $B$4 & "*") -> 0 | F32: =COUNTIFS(INDIRECT("'" & $B$16 & "'!" & $B$17 & ":" & $B$17),F$18,INDIRECT("'" & $B$16 & "'!" & $B$18 & ":" & $B$18),$A32,INDIRECT("'" & $B$16 & "'!" & $B$12 & ":" & $B$12), "*" & $B$4 & "*") -> 0 | G32: =COUNTIFS(INDIRECT("'" & $B$16 & "'!" & $B$17 & ":" & $B$17),G$18,INDIRECT("'" & $B$16 & "'!" & $B$18 & ":" & $B$18),$A32,INDIRECT("'" & $B$16 & "'!" & $B$12 & ":" & $B$12), "*" & $B$4 & "*") -> 0 | H32: =SUM(C32:G32) -> 0 | I32: =IFERROR(__xludf.DUMMYFUNCTION("IF($D$6=0, 0, VAR.S( FILTER( INDIRECT(""'"" & $B$16 & ""'!"" & $B32 & "":"" & $B32), (INDIRECT(""'"" & $B$16 & ""'!"" & $B$17 & "":"" & $B$17) = I$18) * (ISNUMBER(SEARCH($B$4, INDIRECT(""'"" & $B$16 & ""'!"&""" & $B$12 & "":"" & $B$12)))) ) ) / $D$6 ) "),0.0) -> 0 | J32: =IFERROR(__xludf.DUMMYFUNCTION("IF($D$7=0, 0, VAR.S( FILTER( INDIRECT(""'"" & $B$16 & ""'!"" & $B32 & "":"" & $B32), (INDIRECT(""'"" & $B$16 & ""'!"" & $B$17 & "":"" & $B$17) = J$18) * (ISNUMBER(SEARCH($B$4, INDIRECT(""'"" & $B$16 & ""'!"&""" & $B$12 & "":"" & $B$12)))) ) ) / $D$7 ) "),0.0) -> 0 | K32: =IFERROR(__xludf.DUMMYFUNCTION("IF($D$8=0, 0, VAR.S( FILTER( INDIRECT(""'"" & $B$16 & ""'!"" & $B32 & "":"" & $B32), (INDIRECT(""'"" & $B$16 & ""'!"" & $B$17 & "":"" & $B$17) = K$18) * (ISNUMBER(SEARCH($B$4, INDIRECT(""'"" & $B$16 & ""'!"&""" & $B$12 & "":"" & $B$12)))) ) ) / $D$8 ) "),0.0) -> 0 | L32: =IFERROR(__xludf.DUMMYFUNCTION("IF($D$9=0, 0, VAR.S( FILTER( INDIRECT(""'"" & $B$16 & ""'!"" & $B32 & "":"" & $B32), (INDIRECT(""'"" & $B$16 & ""'!"" & $B$17 & "":"" & $B$17) = L$18) * (ISNUMBER(SEARCH($B$4, INDIRECT(""'"" & $B$16 & ""'!"&""" & $B$12 & "":"" & $B$12)))) ) ) / $D$9 ) "),0.0) -> 0 | M32: =IFERROR(__xludf.DUMMYFUNCTION("IF($D$10=0, 0, VAR.S( FILTER( INDIRECT(""'"" & $B$16 & ""'!"" & $B32 & "":"" & $B32), (INDIRECT(""'"" & $B$16 & ""'!"" & $B$17 & "":"" & $B$17) = M$18) * (ISNUMBER(SEARCH($B$4, INDIRECT(""'"" & $B$16 & ""'!"&""" & $B$12 & "":"" & $B$12)))) ) ) / $D$10 ) "),0.0) -> 0 | N32: =IFERROR(__xludf.DUMMYFUNCTION("AVERAGE( FILTER( INDIRECT(""'"" & $B$16 & ""'!"" & $B32 & "":"" & $B32), (INDIRECT(""'"" & $B$16 & ""'!"" & $B$17 & "":"" & $B$17) = I$18) * (ISNUMBER(SEARCH($B$4, INDIRECT(""'"" & $B$16 & ""'!"" & $B$12 & "":"""&" & $B$12)))) ) )"),0.0) -> 0 | O32: =IFERROR(__xludf.DUMMYFUNCTION("AVERAGE( FILTER( INDIRECT(""'"" & $B$16 & ""'!"" & $B32 & "":"" & $B32), (INDIRECT(""'"" & $B$16 & ""'!"" & $B$17 & "":"" & $B$17) = J$18) * (ISNUMBER(SEARCH($B$4, INDIRECT(""'"" & $B$16 & ""'!"" & $B$12 & "":"""&" & $B$12)))) ) )"),"#N/A") -> #N/A | P32: =IFERROR(__xludf.DUMMYFUNCTION("AVERAGE( FILTER( INDIRECT(""'"" & $B$16 & ""'!"" & $B32 & "":"" & $B32), (INDIRECT(""'"" & $B$16 & ""'!"" & $B$17 & "":"" & $B$17) = K$18) * (ISNUMBER(SEARCH($B$4, INDIRECT(""'"" & $B$16 & ""'!"" & $B$12 & "":"""&" & $B$12)))) ) )"),"#N/A") -> #N/A | Q32: =IFERROR(__xludf.DUMMYFUNCTION("AVERAGE( FILTER( INDIRECT(""'"" & $B$16 & ""'!"" & $B32 & "":"" & $B32), (INDIRECT(""'"" & $B$16 & ""'!"" & $B$17 & "":"" & $B$17) = L$18) * (ISNUMBER(SEARCH($B$4, INDIRECT(""'"" & $B$16 & ""'!"" & $B$12 & "":"""&" & $B$12)))) ) )"),"#N/A") -> #N/A | R32: =IFERROR(__xludf.DUMMYFUNCTION("AVERAGE( FILTER( INDIRECT(""'"" & $B$16 & ""'!"" & $B32 & "":"" & $B32), (INDIRECT(""'"" & $B$16 & ""'!"" & $B$17 & "":"" & $B$17) = M$18) * (ISNUMBER(SEARCH($B$4, INDIRECT(""'"" & $B$16 & ""'!"" & $B$12 & "":"""&" & $B$12)))) ) )"),"#N/A") -> #N/A | S32: =($B$6^2*I32)^0.5 -> 0 | T32: =($B$7^2*J32)^0.5 -> 0 | U32: =($B$8^2*K32)^0.5 -> 0 | V32: =($B$9^2*L32)^0.5 -> 0 | W32: =($B$10^2*M32)^0.5 -> 0 | X32: =N32*$B$6 -> 0 | Y32: =O32*$B$7 -> #N/A | Z32: =P32*$B$8 -> #N/A | AA32: =Q32*$B$9 -> #N/A | AB32: =R32*$B$10 -> #N/A | AC32: =N32*$C$6 -> 0 | AD32: =O32*$C$7 -> #N/A | AE32: =P32*$C$8 -> #N/A | AF32: =Q32*$C$9 -> #N/A | AG32: =R32*$C$10 -> #N/A | AH32: =(S32*S32+T32*T32+U32*U32+V32*V32+W32*W32)^0.5 -> 0 | AI32: =AH32*$B$14 -> 0 | AJ32: =SUM(X32:AB32) -> #N/A | AK32: =IF(AI32=0,0,AI32/AJ32) -> 0 | AL32: =AJ32/$B$2 -> #N/A
A33: Deg2022 | B33: =IFERROR("$" & SUBSTITUTE(ADDRESS(1, MATCH(A33, INDIRECT("'" & $B$16 & "'!1:1"), 0), 4), "1", ""), "Not Found") -> $AT | C33: =COUNTIFS(INDIRECT("'" & $B$16 & "'!" & $B$17 & ":" & $B$17),C$18,INDIRECT("'" & $B$16 & "'!" & $B$18 & ":" & $B$18),$A33,INDIRECT("'" & $B$16 & "'!" & $B$12 & ":" & $B$12), "*" & $B$4 & "*") -> 0 | D33: =COUNTIFS(INDIRECT("'" & $B$16 & "'!" & $B$17 & ":" & $B$17),D$18,INDIRECT("'" & $B$16 & "'!" & $B$18 & ":" & $B$18),$A33,INDIRECT("'" & $B$16 & "'!" & $B$12 & ":" & $B$12), "*" & $B$4 & "*") -> 0 | E33: =COUNTIFS(INDIRECT("'" & $B$16 & "'!" & $B$17 & ":" & $B$17),E$18,INDIRECT("'" & $B$16 & "'!" & $B$18 & ":" & $B$18),$A33,INDIRECT("'" & $B$16 & "'!" & $B$12 & ":" & $B$12), "*" & $B$4 & "*") -> 0 | F33: =COUNTIFS(INDIRECT("'" & $B$16 & "'!" & $B$17 & ":" & $B$17),F$18,INDIRECT("'" & $B$16 & "'!" & $B$18 & ":" & $B$18),$A33,INDIRECT("'" & $B$16 & "'!" & $B$12 & ":" & $B$12), "*" & $B$4 & "*") -> 0 | G33: =COUNTIFS(INDIRECT("'" & $B$16 & "'!" & $B$17 & ":" & $B$17),G$18,INDIRECT("'" & $B$16 & "'!" & $B$18 & ":" & $B$18),$A33,INDIRECT("'" & $B$16 & "'!" & $B$12 & ":" & $B$12), "*" & $B$4 & "*") -> 0 | H33: =SUM(C33:G33) -> 0 | I33: =IFERROR(__xludf.DUMMYFUNCTION("IF($D$6=0, 0, VAR.S( FILTER( INDIRECT(""'"" & $B$16 & ""'!"" & $B33 & "":"" & $B33), (INDIRECT(""'"" & $B$16 & ""'!"" & $B$17 & "":"" & $B$17) = I$18) * (ISNUMBER(SEARCH($B$4, INDIRECT(""'"" & $B$16 & ""'!"&""" & $B$12 & "":"" & $B$12)))) ) ) / $D$6 ) "),0.0) -> 0 | J33: =IFERROR(__xludf.DUMMYFUNCTION("IF($D$7=0, 0, VAR.S( FILTER( INDIRECT(""'"" & $B$16 & ""'!"" & $B33 & "":"" & $B33), (INDIRECT(""'"" & $B$16 & ""'!"" & $B$17 & "":"" & $B$17) = J$18) * (ISNUMBER(SEARCH($B$4, INDIRECT(""'"" & $B$16 & ""'!"&""" & $B$12 & "":"" & $B$12)))) ) ) / $D$7 ) "),0.0) -> 0 | K33: =IFERROR(__xludf.DUMMYFUNCTION("IF($D$8=0, 0, VAR.S( FILTER( INDIRECT(""'"" & $B$16 & ""'!"" & $B33 & "":"" & $B33), (INDIRECT(""'"" & $B$16 & ""'!"" & $B$17 & "":"" & $B$17) = K$18) * (ISNUMBER(SEARCH($B$4, INDIRECT(""'"" & $B$16 & ""'!"&""" & $B$12 & "":"" & $B$12)))) ) ) / $D$8 ) "),0.0) -> 0 | L33: =IFERROR(__xludf.DUMMYFUNCTION("IF($D$9=0, 0, VAR.S( FILTER( INDIRECT(""'"" & $B$16 & ""'!"" & $B33 & "":"" & $B33), (INDIRECT(""'"" & $B$16 & ""'!"" & $B$17 & "":"" & $B$17) = L$18) * (ISNUMBER(SEARCH($B$4, INDIRECT(""'"" & $B$16 & ""'!"&""" & $B$12 & "":"" & $B$12)))) ) ) / $D$9 ) "),0.0) -> 0 | M33: =IFERROR(__xludf.DUMMYFUNCTION("IF($D$10=0, 0, VAR.S( FILTER( INDIRECT(""'"" & $B$16 & ""'!"" & $B33 & "":"" & $B33), (INDIRECT(""'"" & $B$16 & ""'!"" & $B$17 & "":"" & $B$17) = M$18) * (ISNUMBER(SEARCH($B$4, INDIRECT(""'"" & $B$16 & ""'!"&""" & $B$12 & "":"" & $B$12)))) ) ) / $D$10 ) "),0.0) -> 0 | N33: =IFERROR(__xludf.DUMMYFUNCTION("AVERAGE( FILTER( INDIRECT(""'"" & $B$16 & ""'!"" & $B33 & "":"" & $B33), (INDIRECT(""'"" & $B$16 & ""'!"" & $B$17 & "":"" & $B$17) = I$18) * (ISNUMBER(SEARCH($B$4, INDIRECT(""'"" & $B$16 & ""'!"" & $B$12 & "":"""&" & $B$12)))) ) )"),0.0) -> 0 | O33: =IFERROR(__xludf.DUMMYFUNCTION("AVERAGE( FILTER( INDIRECT(""'"" & $B$16 & ""'!"" & $B33 & "":"" & $B33), (INDIRECT(""'"" & $B$16 & ""'!"" & $B$17 & "":"" & $B$17) = J$18) * (ISNUMBER(SEARCH($B$4, INDIRECT(""'"" & $B$16 & ""'!"" & $B$12 & "":"""&" & $B$12)))) ) )"),"#N/A") -> #N/A | P33: =IFERROR(__xludf.DUMMYFUNCTION("AVERAGE( FILTER( INDIRECT(""'"" & $B$16 & ""'!"" & $B33 & "":"" & $B33), (INDIRECT(""'"" & $B$16 & ""'!"" & $B$17 & "":"" & $B$17) = K$18) * (ISNUMBER(SEARCH($B$4, INDIRECT(""'"" & $B$16 & ""'!"" & $B$12 & "":"""&" & $B$12)))) ) )"),"#N/A") -> #N/A | Q33: =IFERROR(__xludf.DUMMYFUNCTION("AVERAGE( FILTER( INDIRECT(""'"" & $B$16 & ""'!"" & $B33 & "":"" & $B33), (INDIRECT(""'"" & $B$16 & ""'!"" & $B$17 & "":"" & $B$17) = L$18) * (ISNUMBER(SEARCH($B$4, INDIRECT(""'"" & $B$16 & ""'!"" & $B$12 & "":"""&" & $B$12)))) ) )"),"#N/A") -> #N/A | R33: =IFERROR(__xludf.DUMMYFUNCTION("AVERAGE( FILTER( INDIRECT(""'"" & $B$16 & ""'!"" & $B33 & "":"" & $B33), (INDIRECT(""'"" & $B$16 & ""'!"" & $B$17 & "":"" & $B$17) = M$18) * (ISNUMBER(SEARCH($B$4, INDIRECT(""'"" & $B$16 & ""'!"" & $B$12 & "":"""&" & $B$12)))) ) )"),"#N/A") -> #N/A | S33: =($B$6^2*I33)^0.5 -> 0 | T33: =($B$7^2*J33)^0.5 -> 0 | U33: =($B$8^2*K33)^0.5 -> 0 | V33: =($B$9^2*L33)^0.5 -> 0 | W33: =($B$10^2*M33)^0.5 -> 0 | X33: =N33*$B$6 -> 0 | Y33: =O33*$B$7 -> #N/A | Z33: =P33*$B$8 -> #N/A | AA33: =Q33*$B$9 -> #N/A | AB33: =R33*$B$10 -> #N/A | AC33: =N33*$C$6 -> 0 | AD33: =O33*$C$7 -> #N/A | AE33: =P33*$C$8 -> #N/A | AF33: =Q33*$C$9 -> #N/A | AG33: =R33*$C$10 -> #N/A | AH33: =(S33*S33+T33*T33+U33*U33+V33*V33+W33*W33)^0.5 -> 0 | AI33: =AH33*$B$14 -> 0 | AJ33: =SUM(X33:AB33) -> #N/A | AK33: =IF(AI33=0,0,AI33/AJ33) -> 0 | AL33: =AJ33/$B$2 -> #N/A
H34: =SUM(H27:H33) -> 0 | AJ34: =SUM(AJ27:AJ33) -> #N/A
A35: Ref_Change_Type_1523 | B35: =IFERROR("$" & SUBSTITUTE(ADDRESS(1, MATCH(A35, INDIRECT("'" & $B$16 & "'!1:1"), 0), 4), "1", ""), "Not Found") -> $DC
A36: Defall | B36: =IFERROR("$" & SUBSTITUTE(ADDRESS(1, MATCH(A36, INDIRECT("'" & $B$16 & "'!1:1"), 0), 4), "1", ""), "Not Found") -> $AU | C36: =COUNTIFS(INDIRECT("'" & $B$16 & "'!" & $B$17 & ":" & $B$17),C$18,INDIRECT("'" & $B$16 & "'!" & $B$35 & ":" & $B$35),LEFT($A36,3),INDIRECT("'" & $B$16 & "'!" & $B$12 & ":" & $B$12), "*" & $B$4 & "*") -> 1 | D36: =COUNTIFS(INDIRECT("'" & $B$16 & "'!" & $B$17 & ":" & $B$17),D$18,INDIRECT("'" & $B$16 & "'!" & $B$35 & ":" & $B$35),LEFT($A36,3),INDIRECT("'" & $B$16 & "'!" & $B$12 & ":" & $B$12), "*" & $B$4 & "*") -> 0 | E36: =COUNTIFS(INDIRECT("'" & $B$16 & "'!" & $B$17 & ":" & $B$17),E$18,INDIRECT("'" & $B$16 & "'!" & $B$35 & ":" & $B$35),LEFT($A36,3),INDIRECT("'" & $B$16 & "'!" & $B$12 & ":" & $B$12), "*" & $B$4 & "*") -> 0 | F36: =COUNTIFS(INDIRECT("'" & $B$16 & "'!" & $B$17 & ":" & $B$17),F$18,INDIRECT("'" & $B$16 & "'!" & $B$35 & ":" & $B$35),LEFT($A36,3),INDIRECT("'" & $B$16 & "'!" & $B$12 & ":" & $B$12), "*" & $B$4 & "*") -> 0 | G36: =COUNTIFS(INDIRECT("'" & $B$16 & "'!" & $B$17 & ":" & $B$17),G$18,INDIRECT("'" & $B$16 & "'!" & $B$35 & ":" & $B$35),LEFT($A36,3),INDIRECT("'" & $B$16 & "'!" & $B$12 & ":" & $B$12), "*" & $B$4 & "*") -> 0 | H36: =SUM(C36:G36) -> 1 | I36: =IFERROR(__xludf.DUMMYFUNCTION("IF($D$6=0, 0, VAR.S( FILTER( INDIRECT(""'"" & $B$16 & ""'!"" & $B36 & "":"" & $B36), (INDIRECT(""'"" & $B$16 & ""'!"" & $B$17 & "":"" & $B$17) = I$18) * (ISNUMBER(SEARCH($B$4, INDIRECT(""'"" & $B$16 & ""'!"&""" & $B$12 & "":"" & $B$12)))) ) ) / $D$6 ) "),0.11111111111111112) -> 0.11111111 | J36: =IFERROR(__xludf.DUMMYFUNCTION("IF($D$7=0, 0, VAR.S( FILTER( INDIRECT(""'"" & $B$16 & ""'!"" & $B36 & "":"" & $B36), (INDIRECT(""'"" & $B$16 & ""'!"" & $B$17 & "":"" & $B$17) = J$18) * (ISNUMBER(SEARCH($B$4, INDIRECT(""'"" & $B$16 & ""'!"&""" & $B$12 & "":"" & $B$12)))) ) ) / $D$7 ) "),0.0) -> 0 | K36: =IFERROR(__xludf.DUMMYFUNCTION("IF($D$8=0, 0, VAR.S( FILTER( INDIRECT(""'"" & $B$16 & ""'!"" & $B36 & "":"" & $B36), (INDIRECT(""'"" & $B$16 & ""'!"" & $B$17 & "":"" & $B$17) = K$18) * (ISNUMBER(SEARCH($B$4, INDIRECT(""'"" & $B$16 & ""'!"&""" & $B$12 & "":"" & $B$12)))) ) ) / $D$8 ) "),0.0) -> 0 | L36: =IFERROR(__xludf.DUMMYFUNCTION("IF($D$9=0, 0, VAR.S( FILTER( INDIRECT(""'"" & $B$16 & ""'!"" & $B36 & "":"" & $B36), (INDIRECT(""'"" & $B$16 & ""'!"" & $B$17 & "":"" & $B$17) = L$18) * (ISNUMBER(SEARCH($B$4, INDIRECT(""'"" & $B$16 & ""'!"&""" & $B$12 & "":"" & $B$12)))) ) ) / $D$9 ) "),0.0) -> 0 | M36: =IFERROR(__xludf.DUMMYFUNCTION("IF($D$10=0, 0, VAR.S( FILTER( INDIRECT(""'"" & $B$16 & ""'!"" & $B36 & "":"" & $B36), (INDIRECT(""'"" & $B$16 & ""'!"" & $B$17 & "":"" & $B$17) = M$18) * (ISNUMBER(SEARCH($B$4, INDIRECT(""'"" & $B$16 & ""'!"&""" & $B$12 & "":"" & $B$12)))) ) ) / $D$10 ) "),0.0) -> 0 | N36: =IFERROR(__xludf.DUMMYFUNCTION("AVERAGE( FILTER( INDIRECT(""'"" & $B$16 & ""'!"" & $B36 & "":"" & $B36), (INDIRECT(""'"" & $B$16 & ""'!"" & $B$17 & "":"" & $B$17) = I$18) * (ISNUMBER(SEARCH($B$4, INDIRECT(""'"" & $B$16 & ""'!"" & $B$12 & "":"""&" & $B$12)))) ) )"),0.3333333333333333) -> 0.33333333 | O36: =IFERROR(__xludf.DUMMYFUNCTION("AVERAGE( FILTER( INDIRECT(""'"" & $B$16 & ""'!"" & $B36 & "":"" & $B36), (INDIRECT(""'"" & $B$16 & ""'!"" & $B$17 & "":"" & $B$17) = J$18) * (ISNUMBER(SEARCH($B$4, INDIRECT(""'"" & $B$16 & ""'!"" & $B$12 & "":"""&" & $B$12)))) ) )"),"#N/A") -> #N/A | P36: =IFERROR(__xludf.DUMMYFUNCTION("AVERAGE( FILTER( INDIRECT(""'"" & $B$16 & ""'!"" & $B36 & "":"" & $B36), (INDIRECT(""'"" & $B$16 & ""'!"" & $B$17 & "":"" & $B$17) = K$18) * (ISNUMBER(SEARCH($B$4, INDIRECT(""'"" & $B$16 & ""'!"" & $B$12 & "":"""&" & $B$12)))) ) )"),"#N/A") -> #N/A | Q36: =IFERROR(__xludf.DUMMYFUNCTION("AVERAGE( FILTER( INDIRECT(""'"" & $B$16 & ""'!"" & $B36 & "":"" & $B36), (INDIRECT(""'"" & $B$16 & ""'!"" & $B$17 & "":"" & $B$17) = L$18) * (ISNUMBER(SEARCH($B$4, INDIRECT(""'"" & $B$16 & ""'!"" & $B$12 & "":"""&" & $B$12)))) ) )"),"#N/A") -> #N/A | R36: =IFERROR(__xludf.DUMMYFUNCTION("AVERAGE( FILTER( INDIRECT(""'"" & $B$16 & ""'!"" & $B36 & "":"" & $B36), (INDIRECT(""'"" & $B$16 & ""'!"" & $B$17 & "":"" & $B$17) = M$18) * (ISNUMBER(SEARCH($B$4, INDIRECT(""'"" & $B$16 & ""'!"" & $B$12 & "":"""&" & $B$12)))) ) )"),"#N/A") -> #N/A | S36: =($B$6^2*I36)^0.5 -> 16705569 | T36: =($B$7^2*J36)^0.5 -> 0 | U36: =($B$8^2*K36)^0.5 -> 0 | V36: =($B$9^2*L36)^0.5 -> 0 | W36: =($B$10^2*M36)^0.5 -> 0 | X36: =N36*$B$6 -> 16705569 | Y36: =O36*$B$7 -> #N/A | Z36: =P36*$B$8 -> #N/A | AA36: =Q36*$B$9 -> #N/A | AB36: =R36*$B$10 -> #N/A | AC36: =N36*$C$6 -> 0.27029245 | AD36: =O36*$C$7 -> #N/A | AE36: =P36*$C$8 -> #N/A | AF36: =Q36*$C$9 -> #N/A | AG36: =R36*$C$10 -> #N/A | AH36: =(S36*S36+T36*T36+U36*U36+V36*V36+W36*W36)^0.5 -> 16705569 | AI36: =AH36*$B$14 -> 27480662 | AJ36: =SUM(X36:AB36) -> #N/A | AK36: =IF(AI36=0,0,AI36/AJ36) -> #N/A | AL36: =AJ36/$B$2 -> #N/A
A37: Degall | B37: =IFERROR("$" & SUBSTITUTE(ADDRESS(1, MATCH(A37, INDIRECT("'" & $B$16 & "'!1:1"), 0), 4), "1", ""), "Not Found") -> $AV | C37: =COUNTIFS(INDIRECT("'" & $B$16 & "'!" & $B$17 & ":" & $B$17),C$18,INDIRECT("'" & $B$16 & "'!" & $B$35 & ":" & $B$35),LEFT($A37,3),INDIRECT("'" & $B$16 & "'!" & $B$12 & ":" & $B$12), "*" & $B$4 & "*") -> 0 | D37: =COUNTIFS(INDIRECT("'" & $B$16 & "'!" & $B$17 & ":" & $B$17),D$18,INDIRECT("'" & $B$16 & "'!" & $B$35 & ":" & $B$35),LEFT($A37,3),INDIRECT("'" & $B$16 & "'!" & $B$12 & ":" & $B$12), "*" & $B$4 & "*") -> 0 | E37: =COUNTIFS(INDIRECT("'" & $B$16 & "'!" & $B$17 & ":" & $B$17),E$18,INDIRECT("'" & $B$16 & "'!" & $B$35 & ":" & $B$35),LEFT($A37,3),INDIRECT("'" & $B$16 & "'!" & $B$12 & ":" & $B$12), "*" & $B$4 & "*") -> 0 | F37: =COUNTIFS(INDIRECT("'" & $B$16 & "'!" & $B$17 & ":" & $B$17),F$18,INDIRECT("'" & $B$16 & "'!" & $B$35 & ":" & $B$35),LEFT($A37,3),INDIRECT("'" & $B$16 & "'!" & $B$12 & ":" & $B$12), "*" & $B$4 & "*") -> 0 | G37: =COUNTIFS(INDIRECT("'" & $B$16 & "'!" & $B$17 & ":" & $B$17),G$18,INDIRECT("'" & $B$16 & "'!" & $B$35 & ":" & $B$35),LEFT($A37,3),INDIRECT("'" & $B$16 & "'!" & $B$12 & ":" & $B$12), "*" & $B$4 & "*") -> 0 | H37: =SUM(C37:G37) -> 0 | I37: =IFERROR(__xludf.DUMMYFUNCTION("IF($D$6=0, 0, VAR.S( FILTER( INDIRECT(""'"" & $B$16 & ""'!"" & $B37 & "":"" & $B37), (INDIRECT(""'"" & $B$16 & ""'!"" & $B$17 & "":"" & $B$17) = I$18) * (ISNUMBER(SEARCH($B$4, INDIRECT(""'"" & $B$16 & ""'!"&""" & $B$12 & "":"" & $B$12)))) ) ) / $D$6 ) "),0.0) -> 0 | J37: =IFERROR(__xludf.DUMMYFUNCTION("IF($D$7=0, 0, VAR.S( FILTER( INDIRECT(""'"" & $B$16 & ""'!"" & $B37 & "":"" & $B37), (INDIRECT(""'"" & $B$16 & ""'!"" & $B$17 & "":"" & $B$17) = J$18) * (ISNUMBER(SEARCH($B$4, INDIRECT(""'"" & $B$16 & ""'!"&""" & $B$12 & "":"" & $B$12)))) ) ) / $D$7 ) "),0.0) -> 0 | K37: =IFERROR(__xludf.DUMMYFUNCTION("IF($D$8=0, 0, VAR.S( FILTER( INDIRECT(""'"" & $B$16 & ""'!"" & $B37 & "":"" & $B37), (INDIRECT(""'"" & $B$16 & ""'!"" & $B$17 & "":"" & $B$17) = K$18) * (ISNUMBER(SEARCH($B$4, INDIRECT(""'"" & $B$16 & ""'!"&""" & $B$12 & "":"" & $B$12)))) ) ) / $D$8 ) "),0.0) -> 0 | L37: =IFERROR(__xludf.DUMMYFUNCTION("IF($D$9=0, 0, VAR.S( FILTER( INDIRECT(""'"" & $B$16 & ""'!"" & $B37 & "":"" & $B37), (INDIRECT(""'"" & $B$16 & ""'!"" & $B$17 & "":"" & $B$17) = L$18) * (ISNUMBER(SEARCH($B$4, INDIRECT(""'"" & $B$16 & ""'!"&""" & $B$12 & "":"" & $B$12)))) ) ) / $D$9 ) "),0.0) -> 0 | M37: =IFERROR(__xludf.DUMMYFUNCTION("IF($D$10=0, 0, VAR.S( FILTER( INDIRECT(""'"" & $B$16 & ""'!"" & $B37 & "":"" & $B37), (INDIRECT(""'"" & $B$16 & ""'!"" & $B$17 & "":"" & $B$17) = M$18) * (ISNUMBER(SEARCH($B$4, INDIRECT(""'"" & $B$16 & ""'!"&""" & $B$12 & "":"" & $B$12)))) ) ) / $D$10 ) "),0.0) -> 0 | N37: =IFERROR(__xludf.DUMMYFUNCTION("AVERAGE( FILTER( INDIRECT(""'"" & $B$16 & ""'!"" & $B37 & "":"" & $B37), (INDIRECT(""'"" & $B$16 & ""'!"" & $B$17 & "":"" & $B$17) = I$18) * (ISNUMBER(SEARCH($B$4, INDIRECT(""'"" & $B$16 & ""'!"" & $B$12 & "":"""&" & $B$12)))) ) )"),0.0) -> 0 | O37: =IFERROR(__xludf.DUMMYFUNCTION("AVERAGE( FILTER( INDIRECT(""'"" & $B$16 & ""'!"" & $B37 & "":"" & $B37), (INDIRECT(""'"" & $B$16 & ""'!"" & $B$17 & "":"" & $B$17) = J$18) * (ISNUMBER(SEARCH($B$4, INDIRECT(""'"" & $B$16 & ""'!"" & $B$12 & "":"""&" & $B$12)))) ) )"),"#N/A") -> #N/A | P37: =IFERROR(__xludf.DUMMYFUNCTION("AVERAGE( FILTER( INDIRECT(""'"" & $B$16 & ""'!"" & $B37 & "":"" & $B37), (INDIRECT(""'"" & $B$16 & ""'!"" & $B$17 & "":"" & $B$17) = K$18) * (ISNUMBER(SEARCH($B$4, INDIRECT(""'"" & $B$16 & ""'!"" & $B$12 & "":"""&" & $B$12)))) ) )"),"#N/A") -> #N/A | Q37: =IFERROR(__xludf.DUMMYFUNCTION("AVERAGE( FILTER( INDIRECT(""'"" & $B$16 & ""'!"" & $B37 & "":"" & $B37), (INDIRECT(""'"" & $B$16 & ""'!"" & $B$17 & "":"" & $B$17) = L$18) * (ISNUMBER(SEARCH($B$4, INDIRECT(""'"" & $B$16 & ""'!"" & $B$12 & "":"""&" & $B$12)))) ) )"),"#N/A") -> #N/A | R37: =IFERROR(__xludf.DUMMYFUNCTION("AVERAGE( FILTER( INDIRECT(""'"" & $B$16 & ""'!"" & $B37 & "":"" & $B37), (INDIRECT(""'"" & $B$16 & ""'!"" & $B$17 & "":"" & $B$17) = M$18) * (ISNUMBER(SEARCH($B$4, INDIRECT(""'"" & $B$16 & ""'!"" & $B$12 & "":"""&" & $B$12)))) ) )"),"#N/A") -> #N/A | S37: =($B$6^2*I37)^0.5 -> 0 | T37: =($B$7^2*J37)^0.5 -> 0 | U37: =($B$8^2*K37)^0.5 -> 0 | V37: =($B$9^2*L37)^0.5 -> 0 | W37: =($B$10^2*M37)^0.5 -> 0 | X37: =N37*$B$6 -> 0 | Y37: =O37*$B$7 -> #N/A | Z37: =P37*$B$8 -> #N/A | AA37: =Q37*$B$9 -> #N/A | AB37: =R37*$B$10 -> #N/A | AC37: =N37*$C$6 -> 0 | AD37: =O37*$C$7 -> #N/A | AE37: =P37*$C$8 -> #N/A | AF37: =Q37*$C$9 -> #N/A | AG37: =R37*$C$10 -> #N/A | AH37: =(S37*S37+T37*T37+U37*U37+V37*V37+W37*W37)^0.5 -> 0 | AI37: =AH37*$B$14 -> 0 | AJ37: =SUM(X37:AB37) -> #N/A | AK37: =IF(AI37=0,0,AI37/AJ37) -> 0 | AL37: =AJ37/$B$2 -> #N/A
A39: Stable | B39: =IFERROR("$" & SUBSTITUTE(ADDRESS(1, MATCH(A39, INDIRECT("'" & $B$16 & "'!1:1"), 0), 4), "1", ""), "Not Found") -> $AW | C39: =COUNTIFS(INDIRECT("'" & $B$16 & "'!" & $B$17 & ":" & $B$17),C$18,INDIRECT("'" & $B$16 & "'!" & $B$35 & ":" & $B$35),$A39,INDIRECT("'" & $B$16 & "'!" & $B$12 & ":" & $B$12), "*" & $B$4 & "*") -> 0 | D39: =COUNTIFS(INDIRECT("'" & $B$16 & "'!" & $B$17 & ":" & $B$17),D$18,INDIRECT("'" & $B$16 & "'!" & $B$35 & ":" & $B$35),$A39,INDIRECT("'" & $B$16 & "'!" & $B$12 & ":" & $B$12), "*" & $B$4 & "*") -> 0 | E39: =COUNTIFS(INDIRECT("'" & $B$16 & "'!" & $B$17 & ":" & $B$17),E$18,INDIRECT("'" & $B$16 & "'!" & $B$35 & ":" & $B$35),$A39,INDIRECT("'" & $B$16 & "'!" & $B$12 & ":" & $B$12), "*" & $B$4 & "*") -> 0 | F39: =COUNTIFS(INDIRECT("'" & $B$16 & "'!" & $B$17 & ":" & $B$17),F$18,INDIRECT("'" & $B$16 & "'!" & $B$35 & ":" & $B$35),$A39,INDIRECT("'" & $B$16 & "'!" & $B$12 & ":" & $B$12), "*" & $B$4 & "*") -> 0 | G39: =COUNTIFS(INDIRECT("'" & $B$16 & "'!" & $B$17 & ":" & $B$17),G$18,INDIRECT("'" & $B$16 & "'!" & $B$35 & ":" & $B$35),$A39,INDIRECT("'" & $B$16 & "'!" & $B$12 & ":" & $B$12), "*" & $B$4 & "*") -> 0 | H39: =SUM(C39:G39) -> 0 | I39: =IFERROR(__xludf.DUMMYFUNCTION("IF($D$6=0, 0, VAR.S( FILTER( INDIRECT(""'"" & $B$16 & ""'!"" & $B39 & "":"" & $B39), (INDIRECT(""'"" & $B$16 & ""'!"" & $B$17 & "":"" & $B$17) = I$18) * (ISNUMBER(SEARCH($B$4, INDIRECT(""'"" & $B$16 & ""'!"&""" & $B$12 & "":"" & $B$12)))) ) ) / $D$6 ) "),0.0) -> 0 | J39: =IFERROR(__xludf.DUMMYFUNCTION("IF($D$7=0, 0, VAR.S( FILTER( INDIRECT(""'"" & $B$16 & ""'!"" & $B39 & "":"" & $B39), (INDIRECT(""'"" & $B$16 & ""'!"" & $B$17 & "":"" & $B$17) = J$18) * (ISNUMBER(SEARCH($B$4, INDIRECT(""'"" & $B$16 & ""'!"&""" & $B$12 & "":"" & $B$12)))) ) ) / $D$7 ) "),0.0) -> 0 | K39: =IFERROR(__xludf.DUMMYFUNCTION("IF($D$8=0, 0, VAR.S( FILTER( INDIRECT(""'"" & $B$16 & ""'!"" & $B39 & "":"" & $B39), (INDIRECT(""'"" & $B$16 & ""'!"" & $B$17 & "":"" & $B$17) = K$18) * (ISNUMBER(SEARCH($B$4, INDIRECT(""'"" & $B$16 & ""'!"&""" & $B$12 & "":"" & $B$12)))) ) ) / $D$8 ) "),0.0) -> 0 | L39: =IFERROR(__xludf.DUMMYFUNCTION("IF($D$9=0, 0, VAR.S( FILTER( INDIRECT(""'"" & $B$16 & ""'!"" & $B39 & "":"" & $B39), (INDIRECT(""'"" & $B$16 & ""'!"" & $B$17 & "":"" & $B$17) = L$18) * (ISNUMBER(SEARCH($B$4, INDIRECT(""'"" & $B$16 & ""'!"&""" & $B$12 & "":"" & $B$12)))) ) ) / $D$9 ) "),0.0) -> 0 | M39: =IFERROR(__xludf.DUMMYFUNCTION("IF($D$10=0, 0, VAR.S( FILTER( INDIRECT(""'"" & $B$16 & ""'!"" & $B39 & "":"" & $B39), (INDIRECT(""'"" & $B$16 & ""'!"" & $B$17 & "":"" & $B$17) = M$18) * (ISNUMBER(SEARCH($B$4, INDIRECT(""'"" & $B$16 & ""'!"&""" & $B$12 & "":"" & $B$12)))) ) ) / $D$10 ) "),0.0) -> 0 | N39: =IFERROR(__xludf.DUMMYFUNCTION("AVERAGE( FILTER( INDIRECT(""'"" & $B$16 & ""'!"" & $B39 & "":"" & $B39), (INDIRECT(""'"" & $B$16 & ""'!"" & $B$17 & "":"" & $B$17) = I$18) * (ISNUMBER(SEARCH($B$4, INDIRECT(""'"" & $B$16 & ""'!"" & $B$12 & "":"""&" & $B$12)))) ) )"),0.0) -> 0 | O39: =IFERROR(__xludf.DUMMYFUNCTION("AVERAGE( FILTER( INDIRECT(""'"" & $B$16 & ""'!"" & $B39 & "":"" & $B39), (INDIRECT(""'"" & $B$16 & ""'!"" & $B$17 & "":"" & $B$17) = J$18) * (ISNUMBER(SEARCH($B$4, INDIRECT(""'"" & $B$16 & ""'!"" & $B$12 & "":"""&" & $B$12)))) ) )"),"#N/A") -> #N/A | P39: =IFERROR(__xludf.DUMMYFUNCTION("AVERAGE( FILTER( INDIRECT(""'"" & $B$16 & ""'!"" & $B39 & "":"" & $B39), (INDIRECT(""'"" & $B$16 & ""'!"" & $B$17 & "":"" & $B$17) = K$18) * (ISNUMBER(SEARCH($B$4, INDIRECT(""'"" & $B$16 & ""'!"" & $B$12 & "":"""&" & $B$12)))) ) )"),"#N/A") -> #N/A | Q39: =IFERROR(__xludf.DUMMYFUNCTION("AVERAGE( FILTER( INDIRECT(""'"" & $B$16 & ""'!"" & $B39 & "":"" & $B39), (INDIRECT(""'"" & $B$16 & ""'!"" & $B$17 & "":"" & $B$17) = L$18) * (ISNUMBER(SEARCH($B$4, INDIRECT(""'"" & $B$16 & ""'!"" & $B$12 & "":"""&" & $B$12)))) ) )"),"#N/A") -> #N/A | R39: =IFERROR(__xludf.DUMMYFUNCTION("AVERAGE( FILTER( INDIRECT(""'"" & $B$16 & ""'!"" & $B39 & "":"" & $B39), (INDIRECT(""'"" & $B$16 & ""'!"" & $B$17 & "":"" & $B$17) = M$18) * (ISNUMBER(SEARCH($B$4, INDIRECT(""'"" & $B$16 & ""'!"" & $B$12 & "":"""&" & $B$12)))) ) )"),"#N/A") -> #N/A | S39: =($B$6^2*I39)^0.5 -> 0 | T39: =($B$7^2*J39)^0.5 -> 0 | U39: =($B$8^2*K39)^0.5 -> 0 | V39: =($B$9^2*L39)^0.5 -> 0 | W39: =($B$10^2*M39)^0.5 -> 0 | X39: =N39*$B$6 -> 0 | Y39: =O39*$B$7 -> #N/A | Z39: =P39*$B$8 -> #N/A | AA39: =Q39*$B$9 -> #N/A | AB39: =R39*$B$10 -> #N/A | AC39: =N39*$C$6 -> 0 | AD39: =O39*$C$7 -> #N/A | AE39: =P39*$C$8 -> #N/A | AF39: =Q39*$C$9 -> #N/A | AG39: =R39*$C$10 -> #N/A | AH39: =(S39*S39+T39*T39+U39*U39+V39*V39+W39*W39)^0.5 -> 0 | AI39: =AH39*$B$14 -> 0 | AJ39: =SUM(X39:AB39) -> #N/A | AK39: =IF(AI39=0,0,AI39/AJ39) -> 0 | AL39: =AJ39/$B$2 -> #N/A
A40: NF | B40: =IFERROR("$" & SUBSTITUTE(ADDRESS(1, MATCH(A40, INDIRECT("'" & $B$16 & "'!1:1"), 0), 4), "1", ""), "Not Found") -> $AX | C40: =COUNTIFS(INDIRECT("'" & $B$16 & "'!" & $B$17 & ":" & $B$17),C$18,INDIRECT("'" & $B$16 & "'!" & $B$35 & ":" & $B$35),$A40,INDIRECT("'" & $B$16 & "'!" & $B$12 & ":" & $B$12), "*" & $B$4 & "*") -> 2 | D40: =COUNTIFS(INDIRECT("'" & $B$16 & "'!" & $B$17 & ":" & $B$17),D$18,INDIRECT("'" & $B$16 & "'!" & $B$35 & ":" & $B$35),$A40,INDIRECT("'" & $B$16 & "'!" & $B$12 & ":" & $B$12), "*" & $B$4 & "*") -> 0 | E40: =COUNTIFS(INDIRECT("'" & $B$16 & "'!" & $B$17 & ":" & $B$17),E$18,INDIRECT("'" & $B$16 & "'!" & $B$35 & ":" & $B$35),$A40,INDIRECT("'" & $B$16 & "'!" & $B$12 & ":" & $B$12), "*" & $B$4 & "*") -> 0 | F40: =COUNTIFS(INDIRECT("'" & $B$16 & "'!" & $B$17 & ":" & $B$17),F$18,INDIRECT("'" & $B$16 & "'!" & $B$35 & ":" & $B$35),$A40,INDIRECT("'" & $B$16 & "'!" & $B$12 & ":" & $B$12), "*" & $B$4 & "*") -> 0 | G40: =COUNTIFS(INDIRECT("'" & $B$16 & "'!" & $B$17 & ":" & $B$17),G$18,INDIRECT("'" & $B$16 & "'!" & $B$35 & ":" & $B$35),$A40,INDIRECT("'" & $B$16 & "'!" & $B$12 & ":" & $B$12), "*" & $B$4 & "*") -> 0 | H40: =SUM(C40:G40) -> 2 | I40: =IFERROR(__xludf.DUMMYFUNCTION("IF($D$6=0, 0, VAR.S( FILTER( INDIRECT(""'"" & $B$16 & ""'!"" & $B40 & "":"" & $B40), (INDIRECT(""'"" & $B$16 & ""'!"" & $B$17 & "":"" & $B$17) = I$18) * (ISNUMBER(SEARCH($B$4, INDIRECT(""'"" & $B$16 & ""'!"&""" & $B$12 & "":"" & $B$12)))) ) ) / $D$6 ) "),0.11111111111111112) -> 0.11111111 | J40: =IFERROR(__xludf.DUMMYFUNCTION("IF($D$7=0, 0, VAR.S( FILTER( INDIRECT(""'"" & $B$16 & ""'!"" & $B40 & "":"" & $B40), (INDIRECT(""'"" & $B$16 & ""'!"" & $B$17 & "":"" & $B$17) = J$18) * (ISNUMBER(SEARCH($B$4, INDIRECT(""'"" & $B$16 & ""'!"&""" & $B$12 & "":"" & $B$12)))) ) ) / $D$7 ) "),0.0) -> 0 | K40: =IFERROR(__xludf.DUMMYFUNCTION("IF($D$8=0, 0, VAR.S( FILTER( INDIRECT(""'"" & $B$16 & ""'!"" & $B40 & "":"" & $B40), (INDIRECT(""'"" & $B$16 & ""'!"" & $B$17 & "":"" & $B$17) = K$18) * (ISNUMBER(SEARCH($B$4, INDIRECT(""'"" & $B$16 & ""'!"&""" & $B$12 & "":"" & $B$12)))) ) ) / $D$8 ) "),0.0) -> 0 | L40: =IFERROR(__xludf.DUMMYFUNCTION("IF($D$9=0, 0, VAR.S( FILTER( INDIRECT(""'"" & $B$16 & ""'!"" & $B40 & "":"" & $B40), (INDIRECT(""'"" & $B$16 & ""'!"" & $B$17 & "":"" & $B$17) = L$18) * (ISNUMBER(SEARCH($B$4, INDIRECT(""'"" & $B$16 & ""'!"&""" & $B$12 & "":"" & $B$12)))) ) ) / $D$9 ) "),0.0) -> 0 | M40: =IFERROR(__xludf.DUMMYFUNCTION("IF($D$10=0, 0, VAR.S( FILTER( INDIRECT(""'"" & $B$16 & ""'!"" & $B40 & "":"" & $B40), (INDIRECT(""'"" & $B$16 & ""'!"" & $B$17 & "":"" & $B$17) = M$18) * (ISNUMBER(SEARCH($B$4, INDIRECT(""'"" & $B$16 & ""'!"&""" & $B$12 & "":"" & $B$12)))) ) ) / $D$10 ) "),0.0) -> 0 | N40: =IFERROR(__xludf.DUMMYFUNCTION("AVERAGE( FILTER( INDIRECT(""'"" & $B$16 & ""'!"" & $B40 & "":"" & $B40), (INDIRECT(""'"" & $B$16 & ""'!"" & $B$17 & "":"" & $B$17) = I$18) * (ISNUMBER(SEARCH($B$4, INDIRECT(""'"" & $B$16 & ""'!"" & $B$12 & "":"""&" & $B$12)))) ) )"),0.6666666666666666) -> 0.66666667 | O40: =IFERROR(__xludf.DUMMYFUNCTION("AVERAGE( FILTER( INDIRECT(""'"" & $B$16 & ""'!"" & $B40 & "":"" & $B40), (INDIRECT(""'"" & $B$16 & ""'!"" & $B$17 & "":"" & $B$17) = J$18) * (ISNUMBER(SEARCH($B$4, INDIRECT(""'"" & $B$16 & ""'!"" & $B$12 & "":"""&" & $B$12)))) ) )"),"#N/A") -> #N/A | P40: =IFERROR(__xludf.DUMMYFUNCTION("AVERAGE( FILTER( INDIRECT(""'"" & $B$16 & ""'!"" & $B40 & "":"" & $B40), (INDIRECT(""'"" & $B$16 & ""'!"" & $B$17 & "":"" & $B$17) = K$18) * (ISNUMBER(SEARCH($B$4, INDIRECT(""'"" & $B$16 & ""'!"" & $B$12 & "":"""&" & $B$12)))) ) )"),"#N/A") -> #N/A | Q40: =IFERROR(__xludf.DUMMYFUNCTION("AVERAGE( FILTER( INDIRECT(""'"" & $B$16 & ""'!"" & $B40 & "":"" & $B40), (INDIRECT(""'"" & $B$16 & ""'!"" & $B$17 & "":"" & $B$17) = L$18) * (ISNUMBER(SEARCH($B$4, INDIRECT(""'"" & $B$16 & ""'!"" & $B$12 & "":"""&" & $B$12)))) ) )"),"#N/A") -> #N/A | R40: =IFERROR(__xludf.DUMMYFUNCTION("AVERAGE( FILTER( INDIRECT(""'"" & $B$16 & ""'!"" & $B40 & "":"" & $B40), (INDIRECT(""'"" & $B$16 & ""'!"" & $B$17 & "":"" & $B$17) = M$18) * (ISNUMBER(SEARCH($B$4, INDIRECT(""'"" & $B$16 & ""'!"" & $B$12 & "":"""&" & $B$12)))) ) )"),"#N/A") -> #N/A | S40: =($B$6^2*I40)^0.5 -> 16705569 | T40: =($B$7^2*J40)^0.5 -> 0 | U40: =($B$8^2*K40)^0.5 -> 0 | V40: =($B$9^2*L40)^0.5 -> 0 | W40: =($B$10^2*M40)^0.5 -> 0 | X40: =N40*$B$6 -> 33411139 | Y40: =O40*$B$7 -> #N/A | Z40: =P40*$B$8 -> #N/A | AA40: =Q40*$B$9 -> #N/A | AB40: =R40*$B$10 -> #N/A | AC40: =N40*$C$6 -> 0.5405849 | AD40: =O40*$C$7 -> #N/A | AE40: =P40*$C$8 -> #N/A | AF40: =Q40*$C$9 -> #N/A | AG40: =R40*$C$10 -> #N/A | AH40: =(S40*S40+T40*T40+U40*U40+V40*V40+W40*W40)^0.5 -> 16705569 | AI40: =AH40*$B$14 -> 27480662 | AJ40: =SUM(X40:AB40) -> #N/A | AK40: =IF(AI40=0,0,AI40/AJ40) -> #N/A | AL40: =AJ40/$B$2 -> #N/A
H41: =SUM(H36:H40) -> 3 | AJ41: =SUM(AJ36:AJ40) -> #N/A

Sheet TNT 2023
A1: CENTRAL AFRICAN REPUBLIC NATIONAL FOREST COVER CHANGE ESTIMATES FROM TNT | I1: Summary
A2: Total Study Area (ha) | B2: =B11 -> 61795872 | I2: Year | J2: Deforestation | M2: Year | N2: Degradation
I3: 2023 | J3: =AJ19 -> #N/A | M3: 2023 | N3: =AJ21 -> #N/A
A4: Time Period | B4: 2023
A5: Stratum | B5: Area (ha) | C5: Weight | D5: # CEO points interpreted
A6: 1 | B6: ='Prefecture Summary 2015-2023'!H$19 -> 39982094 | C6: =B6/$B$11 -> 0.64700267 | D6: =COUNTIFS(INDIRECT("'" & $B$16 & "'!" & $B$17 & ":" & $B$17),A6,INDIRECT("'" & $B$16 & "'!" & $B$12 & ":" & $B$12), "*" & $B$4 & "*") -> 0
A7: 2 | B7: ='Prefecture Summary 2015-2023'!I$19 -> 10961575 | C7: =B7/$B$11 -> 0.17738361 | D7: =COUNTIFS(INDIRECT("'" & $B$16 & "'!" & $B$17 & ":" & $B$17),A7,INDIRECT("'" & $B$16 & "'!" & $B$12 & ":" & $B$12), "*" & $B$4 & "*") -> 0
A8: 3 | B8: ='Prefecture Summary 2015-2023'!J$19 -> 6411098 | C8: =B8/$B$11 -> 0.10374638 | D8: =COUNTIFS(INDIRECT("'" & $B$16 & "'!" & $B$17 & ":" & $B$17),A8,INDIRECT("'" & $B$16 & "'!" & $B$12 & ":" & $B$12), "*" & $B$4 & "*") -> 0
A9: 4 | B9: ='Prefecture Summary 2015-2023'!K$19 -> 3350002 | C9: =B9/$B$11 -> 0.054210773 | D9: =COUNTIFS(INDIRECT("'" & $B$16 & "'!" & $B$17 & ":" & $B$17),A9,INDIRECT("'" & $B$16 & "'!" & $B$12 & ":" & $B$12), "*" & $B$4 & "*") -> 0
A10: 5 | B10: ='Prefecture Summary 2015-2023'!L$19 -> 1091103 | C10: =B10/$B$11 -> 0.017656568 | D10: =COUNTIFS(INDIRECT("'" & $B$16 & "'!" & $B$17 & ":" & $B$17),A10,INDIRECT("'" & $B$16 & "'!" & $B$12 & ":" & $B$12), "*" & $B$4 & "*") -> 0
A11: TOTAL | B11: =SUM(B6:B10) -> 61795872 | C11: =SUM(C6:C10) -> 1 | D11: =SUM(D6:D10) -> 0
A12: collection | B12: {=IFERROR("$" & SUBSTITUTE(ADDRESS(1, MATCH(A12, INDIRECT("'" & $B$16 & "'!1:1"), 0), 4), "1", ""), "Not Found")} -> $AB
A14: Z value | B14: 1.645
A16: Sheet Name | B16: ='TNT 2015-2022'!B16 -> CEO 2015-2023
A17: TNT_Stratum_2223 | B17: =IFERROR("$" & SUBSTITUTE(ADDRESS(1, MATCH(A17, INDIRECT("'" & $B$16 & "'!1:1"), 0), 4), "1", ""), "Not Found") -> $D | C17: # of CEO points in Strata | I17: Variance | N17: Average | S17: Error per class per strata | X17: Area per class per strata | AC17: Weighted Average
A18: Ref_Change_Year_1523 | B18: =IFERROR("$" & SUBSTITUTE(ADDRESS(1, MATCH(A18, INDIRECT("'" & $B$16 & "'!1:1"), 0), 4), "1", ""), "Not Found") -> $DD | C18: 1 | D18: 2 | E18: 3 | F18: 4 | G18: 5 | H18: Total | I18: 1 | J18: 2 | K18: 3 | L18: 4 | M18: 5 | N18: 1 | O18: 2 | P18: 3 | Q18: 4 | R18: 5 | S18: 1 | T18: 2 | U18: 3 | V18: 4 | W18: 5 | X18: 1 | Y18: 2 | Z18: 3 | AA18: 4 | AB18: 5 | AC18: 1 | AD18: 2 | AE18: 3 | AF18: 4 | AG18: 5 | AH18: Total Error (ha) | AI18: MOE (90% c.i.) | AJ18: Total Area (ha) | AK18: Total error in % | AL18: Total of Area (%)
A19: Def2023 | B19: =IFERROR("$" & SUBSTITUTE(ADDRESS(1, MATCH(A19, INDIRECT("'" & $B$16 & "'!1:1"), 0), 4), "1", ""), "Not Found") -> $CZ | C19: =COUNTIFS(INDIRECT("'" & $B$16 & "'!" & $B$17 & ":" & $B$17),C$18,INDIRECT("'" & $B$16 & "'!" & $B$18 & ":" & $B$18),$A19,INDIRECT("'" & $B$16 & "'!" & $B$12 & ":" & $B$12), "*" & $B$4 & "*") -> 0 | D19: =COUNTIFS(INDIRECT("'" & $B$16 & "'!" & $B$17 & ":" & $B$17),D$18,INDIRECT("'" & $B$16 & "'!" & $B$18 & ":" & $B$18),$A19,INDIRECT("'" & $B$16 & "'!" & $B$12 & ":" & $B$12), "*" & $B$4 & "*") -> 0 | E19: =COUNTIFS(INDIRECT("'" & $B$16 & "'!" & $B$17 & ":" & $B$17),E$18,INDIRECT("'" & $B$16 & "'!" & $B$18 & ":" & $B$18),$A19,INDIRECT("'" & $B$16 & "'!" & $B$12 & ":" & $B$12), "*" & $B$4 & "*") -> 0 | F19: =COUNTIFS(INDIRECT("'" & $B$16 & "'!" & $B$17 & ":" & $B$17),F$18,INDIRECT("'" & $B$16 & "'!" & $B$18 & ":" & $B$18),$A19,INDIRECT("'" & $B$16 & "'!" & $B$12 & ":" & $B$12), "*" & $B$4 & "*") -> 0 | G19: =COUNTIFS(INDIRECT("'" & $B$16 & "'!" & $B$17 & ":" & $B$17),G$18,INDIRECT("'" & $B$16 & "'!" & $B$18 & ":" & $B$18),$A19,INDIRECT("'" & $B$16 & "'!" & $B$12 & ":" & $B$12), "*" & $B$4 & "*") -> 0 | H19: =SUM(C19:G19) -> 0 | I19: =IFERROR(__xludf.DUMMYFUNCTION("IF($D$6=0, 0, VAR.S( FILTER( INDIRECT(""'"" & $B$16 & ""'!"" & $B19 & "":"" & $B19), (INDIRECT(""'"" & $B$16 & ""'!"" & $B$17 & "":"" & $B$17) = I$18) * (ISNUMBER(SEARCH($B$4, INDIRECT(""'"" & $B$16 & ""'!"&""" & $B$12 & "":"" & $B$12)))) ) ) / $D$6 ) "),0.0) -> 0 | J19: =IFERROR(__xludf.DUMMYFUNCTION("VAR.S(FILTER(INDIRECT(""'"" & $B$16 & ""'!"" & $B19 & "":"" & $B19), INDIRECT(""'"" & $B$16 & ""'!"" & $B$17 & "":"" & $B$17) = J$18, ISNUMBER(SEARCH($B$4, INDIRECT(""'"" & $B$16 & ""'!"" & $B$12 & "":"" & $B$12)))))/$D$7 "),"#N/A") -> #N/A | K19: =IFERROR(__xludf.DUMMYFUNCTION("VAR.S(FILTER(INDIRECT(""'"" & $B$16 & ""'!"" & $B19 & "":"" & $B19), INDIRECT(""'"" & $B$16 & ""'!"" & $B$17 & "":"" & $B$17) = K$18, ISNUMBER(SEARCH($B$4, INDIRECT(""'"" & $B$16 & ""'!"" & $B$12 & "":"" & $B$12)))))/$D$8 "),"#N/A") -> #N/A | L19: =IFERROR(__xludf.DUMMYFUNCTION("VAR.S(FILTER(INDIRECT(""'"" & $B$16 & ""'!"" & $B19 & "":"" & $B19), INDIRECT(""'"" & $B$16 & ""'!"" & $B$17 & "":"" & $B$17) = L$18, ISNUMBER(SEARCH($B$4, INDIRECT(""'"" & $B$16 & ""'!"" & $B$12 & "":"" & $B$12)))))/$D$9 "),"#N/A") -> #N/A | M19: =IFERROR(__xludf.DUMMYFUNCTION("VAR.S(FILTER(INDIRECT(""'"" & $B$16 & ""'!"" & $B19 & "":"" & $B19), INDIRECT(""'"" & $B$16 & ""'!"" & $B$17 & "":"" & $B$17) = M$18, ISNUMBER(SEARCH($B$4, INDIRECT(""'"" & $B$16 & ""'!"" & $B$12 & "":"" & $B$12)))))/$D$10 "),"#N/A") -> #N/A | N19: =IFERROR(__xludf.DUMMYFUNCTION("AVERAGE( FILTER( INDIRECT(""'"" & $B$16 & ""'!"" & $B19 & "":"" & $B19), (INDIRECT(""'"" & $B$16 & ""'!"" & $B$17 & "":"" & $B$17) = I$18) * (ISNUMBER(SEARCH($B$4, INDIRECT(""'"" & $B$16 & ""'!"" & $B$12 & "":"""&" & $B$12)))) ) )"),"#N/A") -> #N/A | O19: =IFERROR(__xludf.DUMMYFUNCTION("AVERAGE( FILTER( INDIRECT(""'"" & $B$16 & ""'!"" & $B19 & "":"" & $B19), (INDIRECT(""'"" & $B$16 & ""'!"" & $B$17 & "":"" & $B$17) = J$18) * (ISNUMBER(SEARCH($B$4, INDIRECT(""'"" & $B$16 & ""'!"" & $B$12 & "":"""&" & $B$12)))) ) )"),"#N/A") -> #N/A | P19: =IFERROR(__xludf.DUMMYFUNCTION("AVERAGE( FILTER( INDIRECT(""'"" & $B$16 & ""'!"" & $B19 & "":"" & $B19), (INDIRECT(""'"" & $B$16 & ""'!"" & $B$17 & "":"" & $B$17) = K$18) * (ISNUMBER(SEARCH($B$4, INDIRECT(""'"" & $B$16 & ""'!"" & $B$12 & "":"""&" & $B$12)))) ) )"),"#N/A") -> #N/A | Q19: =IFERROR(__xludf.DUMMYFUNCTION("AVERAGE( FILTER( INDIRECT(""'"" & $B$16 & ""'!"" & $B19 & "":"" & $B19), (INDIRECT(""'"" & $B$16 & ""'!"" & $B$17 & "":"" & $B$17) = L$18) * (ISNUMBER(SEARCH($B$4, INDIRECT(""'"" & $B$16 & ""'!"" & $B$12 & "":"""&" & $B$12)))) ) )"),"#N/A") -> #N/A | R19: =IFERROR(__xludf.DUMMYFUNCTION("AVERAGE( FILTER( INDIRECT(""'"" & $B$16 & ""'!"" & $B19 & "":"" & $B19), (INDIRECT(""'"" & $B$16 & ""'!"" & $B$17 & "":"" & $B$17) = M$18) * (ISNUMBER(SEARCH($B$4, INDIRECT(""'"" & $B$16 & ""'!"" & $B$12 & "":"""&" & $B$12)))) ) )"),"#N/A") -> #N/A | S19: =($B$6^2*I19)^0.5 -> 0 | T19: =($B$7^2*J19)^0.5 -> #N/A | U19: =($B$8^2*K19)^0.5 -> #N/A | V19: =($B$9^2*L19)^0.5 -> #N/A | W19: =($B$10^2*M19)^0.5 -> #N/A | X19: =N19*$B$6 -> #N/A | Y19: =O19*$B$7 -> #N/A | Z19: =P19*$B$8 -> #N/A | AA19: =Q19*$B$9 -> #N/A | AB19: =R19*$B$10 -> #N/A | AC19: =N19*$C$6 -> #N/A | AD19: =O19*$C$7 -> #N/A | AE19: =P19*$C$8 -> #N/A | AF19: =Q19*$C$9 -> #N/A | AG19: =R19*$C$10 -> #N/A | AH19: =(S19*S19+T19*T19+U19*U19+V19*V19+W19*W19)^0.5 -> #N/A | AI19: =AH19*$B$14 -> #N/A | AJ19: =SUM(X19:AB19) -> #N/A | AK19: =IF(AI19=0,0,AI19/AJ19) -> #N/A | AL19: =AJ19/$B$2 -> #N/A
A21: Deg2023 | B21: {=IFERROR("$" & SUBSTITUTE(ADDRESS(1, MATCH(A21, INDIRECT("'" & $B$16 & "'!1:1"), 0), 4), "1", ""), "Not Found")} -> $DA | C21: =COUNTIFS(INDIRECT("'" & $B$16 & "'!" & $B$17 & ":" & $B$17),C$18,INDIRECT("'" & $B$16 & "'!" & $B$18 & ":" & $B$18),$A21,INDIRECT("'" & $B$16 & "'!" & $B$12 & ":" & $B$12), "*" & $B$4 & "*") -> 0 | D21: =COUNTIFS(INDIRECT("'" & $B$16 & "'!" & $B$17 & ":" & $B$17),D$18,INDIRECT("'" & $B$16 & "'!" & $B$18 & ":" & $B$18),$A21,INDIRECT("'" & $B$16 & "'!" & $B$12 & ":" & $B$12), "*" & $B$4 & "*") -> 0 | E21: =COUNTIFS(INDIRECT("'" & $B$16 & "'!" & $B$17 & ":" & $B$17),E$18,INDIRECT("'" & $B$16 & "'!" & $B$18 & ":" & $B$18),$A21,INDIRECT("'" & $B$16 & "'!" & $B$12 & ":" & $B$12), "*" & $B$4 & "*") -> 0 | F21: =COUNTIFS(INDIRECT("'" & $B$16 & "'!" & $B$17 & ":" & $B$17),F$18,INDIRECT("'" & $B$16 & "'!" & $B$18 & ":" & $B$18),$A21,INDIRECT("'" & $B$16 & "'!" & $B$12 & ":" & $B$12), "*" & $B$4 & "*") -> 0 | G21: =COUNTIFS(INDIRECT("'" & $B$16 & "'!" & $B$17 & ":" & $B$17),G$18,INDIRECT("'" & $B$16 & "'!" & $B$18 & ":" & $B$18),$A21,INDIRECT("'" & $B$16 & "'!" & $B$12 & ":" & $B$12), "*" & $B$4 & "*") -> 0 | H21: =SUM(C21:G21) -> 0 | I21: =IFERROR(__xludf.DUMMYFUNCTION("IF($D$6=0, 0, VAR.S( FILTER( INDIRECT(""'"" & $B$16 & ""'!"" & $B21 & "":"" & $B21), (INDIRECT(""'"" & $B$16 & ""'!"" & $B$17 & "":"" & $B$17) = I$18) * (ISNUMBER(SEARCH($B$4, INDIRECT(""'"" & $B$16 & ""'!"&""" & $B$12 & "":"" & $B$12)))) ) ) / $D$6 ) "),0.0) -> 0 | J21: =IFERROR(__xludf.DUMMYFUNCTION("VAR.S(FILTER(INDIRECT(""'"" & $B$16 & ""'!"" & $B21 & "":"" & $B21), INDIRECT(""'"" & $B$16 & ""'!"" & $B$17 & "":"" & $B$17) = J$18, ISNUMBER(SEARCH($B$4, INDIRECT(""'"" & $B$16 & ""'!"" & $B$12 & "":"" & $B$12)))))/$D$7 "),"#N/A") -> #N/A | K21: =IFERROR(__xludf.DUMMYFUNCTION("VAR.S(FILTER(INDIRECT(""'"" & $B$16 & ""'!"" & $B21 & "":"" & $B21), INDIRECT(""'"" & $B$16 & ""'!"" & $B$17 & "":"" & $B$17) = K$18, ISNUMBER(SEARCH($B$4, INDIRECT(""'"" & $B$16 & ""'!"" & $B$12 & "":"" & $B$12)))))/$D$8 "),"#N/A") -> #N/A | L21: =IFERROR(__xludf.DUMMYFUNCTION("VAR.S(FILTER(INDIRECT(""'"" & $B$16 & ""'!"" & $B21 & "":"" & $B21), INDIRECT(""'"" & $B$16 & ""'!"" & $B$17 & "":"" & $B$17) = L$18, ISNUMBER(SEARCH($B$4, INDIRECT(""'"" & $B$16 & ""'!"" & $B$12 & "":"" & $B$12)))))/$D$9 "),"#N/A") -> #N/A | M21: =IFERROR(__xludf.DUMMYFUNCTION("VAR.S(FILTER(INDIRECT(""'"" & $B$16 & ""'!"" & $B21 & "":"" & $B21), INDIRECT(""'"" & $B$16 & ""'!"" & $B$17 & "":"" & $B$17) = M$18, ISNUMBER(SEARCH($B$4, INDIRECT(""'"" & $B$16 & ""'!"" & $B$12 & "":"" & $B$12)))))/$D$10 "),"#N/A") -> #N/A | N21: =IFERROR(__xludf.DUMMYFUNCTION("AVERAGE( FILTER( INDIRECT(""'"" & $B$16 & ""'!"" & $B21 & "":"" & $B21), (INDIRECT(""'"" & $B$16 & ""'!"" & $B$17 & "":"" & $B$17) = I$18) * (ISNUMBER(SEARCH($B$4, INDIRECT(""'"" & $B$16 & ""'!"" & $B$12 & "":"""&" & $B$12)))) ) )"),"#N/A") -> #N/A | O21: =IFERROR(__xludf.DUMMYFUNCTION("AVERAGE( FILTER( INDIRECT(""'"" & $B$16 & ""'!"" & $B21 & "":"" & $B21), (INDIRECT(""'"" & $B$16 & ""'!"" & $B$17 & "":"" & $B$17) = J$18) * (ISNUMBER(SEARCH($B$4, INDIRECT(""'"" & $B$16 & ""'!"" & $B$12 & "":"""&" & $B$12)))) ) )"),"#N/A") -> #N/A | P21: =IFERROR(__xludf.DUMMYFUNCTION("AVERAGE( FILTER( INDIRECT(""'"" & $B$16 & ""'!"" & $B21 & "":"" & $B21), (INDIRECT(""'"" & $B$16 & ""'!"" & $B$17 & "":"" & $B$17) = K$18) * (ISNUMBER(SEARCH($B$4, INDIRECT(""'"" & $B$16 & ""'!"" & $B$12 & "":"""&" & $B$12)))) ) )"),"#N/A") -> #N/A | Q21: =IFERROR(__xludf.DUMMYFUNCTION("AVERAGE( FILTER( INDIRECT(""'"" & $B$16 & ""'!"" & $B21 & "":"" & $B21), (INDIRECT(""'"" & $B$16 & ""'!"" & $B$17 & "":"" & $B$17) = L$18) * (ISNUMBER(SEARCH($B$4, INDIRECT(""'"" & $B$16 & ""'!"" & $B$12 & "":"""&" & $B$12)))) ) )"),"#N/A") -> #N/A | R21: =IFERROR(__xludf.DUMMYFUNCTION("AVERAGE( FILTER( INDIRECT(""'"" & $B$16 & ""'!"" & $B21 & "":"" & $B21), (INDIRECT(""'"" & $B$16 & ""'!"" & $B$17 & "":"" & $B$17) = M$18) * (ISNUMBER(SEARCH($B$4, INDIRECT(""'"" & $B$16 & ""'!"" & $B$12 & "":"""&" & $B$12)))) ) )"),"#N/A") -> #N/A | S21: =($B$6^2*I21)^0.5 -> 0 | T21: =($B$7^2*J21)^0.5 -> #N/A | U21: =($B$8^2*K21)^0.5 -> #N/A | V21: =($B$9^2*L21)^0.5 -> #N/A | W21: =($B$10^2*M21)^0.5 -> #N/A | X21: =N21*$B$6 -> #N/A | Y21: =O21*$B$7 -> #N/A | Z21: =P21*$B$8 -> #N/A | AA21: =Q21*$B$9 -> #N/A | AB21: =R21*$B$10 -> #N/A | AC21: =N21*$C$6 -> #N/A | AD21: =O21*$C$7 -> #N/A | AE21: =P21*$C$8 -> #N/A | AF21: =Q21*$C$9 -> #N/A | AG21: =R21*$C$10 -> #N/A | AH21: =(S21*S21+T21*T21+U21*U21+V21*V21+W21*W21)^0.5 -> #N/A | AI21: =AH21*$B$14 -> #N/A | AJ21: =SUM(X21:AB21) -> #N/A | AK21: =IF(AI21=0,0,AI21/AJ21) -> #N/A | AL21: =AJ21/$B$2 -> #N/A
A23: Stable | B23: =IFERROR("$" & SUBSTITUTE(ADDRESS(1, MATCH(A23, INDIRECT("'" & $B$16 & "'!1:1"), 0), 4), "1", ""), "Not Found") -> $AW | C23: =COUNTIFS(INDIRECT("'" & $B$16 & "'!" & $B$17 & ":" & $B$17),C$18,INDIRECT("'" & $B$16 & "'!" & $B$18 & ":" & $B$18),$A23,INDIRECT("'" & $B$16 & "'!" & $B$12 & ":" & $B$12), "*" & $B$4 & "*") -> 0 | D23: =COUNTIFS(INDIRECT("'" & $B$16 & "'!" & $B$17 & ":" & $B$17),D$18,INDIRECT("'" & $B$16 & "'!" & $B$18 & ":" & $B$18),$A23,INDIRECT("'" & $B$16 & "'!" & $B$12 & ":" & $B$12), "*" & $B$4 & "*") -> 0 | E23: =COUNTIFS(INDIRECT("'" & $B$16 & "'!" & $B$17 & ":" & $B$17),E$18,INDIRECT("'" & $B$16 & "'!" & $B$18 & ":" & $B$18),$A23,INDIRECT("'" & $B$16 & "'!" & $B$12 & ":" & $B$12), "*" & $B$4 & "*") -> 0 | F23: =COUNTIFS(INDIRECT("'" & $B$16 & "'!" & $B$17 & ":" & $B$17),F$18,INDIRECT("'" & $B$16 & "'!" & $B$18 & ":" & $B$18),$A23,INDIRECT("'" & $B$16 & "'!" & $B$12 & ":" & $B$12), "*" & $B$4 & "*") -> 0 | G23: =COUNTIFS(INDIRECT("'" & $B$16 & "'!" & $B$17 & ":" & $B$17),G$18,INDIRECT("'" & $B$16 & "'!" & $B$18 & ":" & $B$18),$A23,INDIRECT("'" & $B$16 & "'!" & $B$12 & ":" & $B$12), "*" & $B$4 & "*") -> 0 | H23: =SUM(C23:G23) -> 0 | I23: =IFERROR(__xludf.DUMMYFUNCTION("IF($D$6=0, 0, VAR.S( FILTER( INDIRECT(""'"" & $B$16 & ""'!"" & $B23 & "":"" & $B23), (INDIRECT(""'"" & $B$16 & ""'!"" & $B$17 & "":"" & $B$17) = I$18) * (ISNUMBER(SEARCH($B$4, INDIRECT(""'"" & $B$16 & ""'!"&""" & $B$12 & "":"" & $B$12)))) ) ) / $D$6 ) "),0.0) -> 0 | J23: =IFERROR(__xludf.DUMMYFUNCTION("VAR.S(FILTER(INDIRECT(""'"" & $B$16 & ""'!"" & $B23 & "":"" & $B23), INDIRECT(""'"" & $B$16 & ""'!"" & $B$17 & "":"" & $B$17) = J$18, ISNUMBER(SEARCH($B$4, INDIRECT(""'"" & $B$16 & ""'!"" & $B$12 & "":"" & $B$12)))))/$D$7 "),"#N/A") -> #N/A | K23: =IFERROR(__xludf.DUMMYFUNCTION("VAR.S(FILTER(INDIRECT(""'"" & $B$16 & ""'!"" & $B23 & "":"" & $B23), INDIRECT(""'"" & $B$16 & ""'!"" & $B$17 & "":"" & $B$17) = K$18, ISNUMBER(SEARCH($B$4, INDIRECT(""'"" & $B$16 & ""'!"" & $B$12 & "":"" & $B$12)))))/$D$8 "),"#N/A") -> #N/A | L23: =IFERROR(__xludf.DUMMYFUNCTION("VAR.S(FILTER(INDIRECT(""'"" & $B$16 & ""'!"" & $B23 & "":"" & $B23), INDIRECT(""'"" & $B$16 & ""'!"" & $B$17 & "":"" & $B$17) = L$18, ISNUMBER(SEARCH($B$4, INDIRECT(""'"" & $B$16 & ""'!"" & $B$12 & "":"" & $B$12)))))/$D$9 "),"#N/A") -> #N/A | M23: =IFERROR(__xludf.DUMMYFUNCTION("VAR.S(FILTER(INDIRECT(""'"" & $B$16 & ""'!"" & $B23 & "":"" & $B23), INDIRECT(""'"" & $B$16 & ""'!"" & $B$17 & "":"" & $B$17) = M$18, ISNUMBER(SEARCH($B$4, INDIRECT(""'"" & $B$16 & ""'!"" & $B$12 & "":"" & $B$12)))))/$D$10 "),"#N/A") -> #N/A | N23: =IFERROR(__xludf.DUMMYFUNCTION("AVERAGE( FILTER( INDIRECT(""'"" & $B$16 & ""'!"" & $B23 & "":"" & $B23), (INDIRECT(""'"" & $B$16 & ""'!"" & $B$17 & "":"" & $B$17) = I$18) * (ISNUMBER(SEARCH($B$4, INDIRECT(""'"" & $B$16 & ""'!"" & $B$12 & "":"""&" & $B$12)))) ) )"),"#N/A") -> #N/A | O23: =IFERROR(__xludf.DUMMYFUNCTION("AVERAGE( FILTER( INDIRECT(""'"" & $B$16 & ""'!"" & $B23 & "":"" & $B23), (INDIRECT(""'"" & $B$16 & ""'!"" & $B$17 & "":"" & $B$17) = J$18) * (ISNUMBER(SEARCH($B$4, INDIRECT(""'"" & $B$16 & ""'!"" & $B$12 & "":"""&" & $B$12)))) ) )"),"#N/A") -> #N/A | P23: =IFERROR(__xludf.DUMMYFUNCTION("AVERAGE( FILTER( INDIRECT(""'"" & $B$16 & ""'!"" & $B23 & "":"" & $B23), (INDIRECT(""'"" & $B$16 & ""'!"" & $B$17 & "":"" & $B$17) = K$18) * (ISNUMBER(SEARCH($B$4, INDIRECT(""'"" & $B$16 & ""'!"" & $B$12 & "":"""&" & $B$12)))) ) )"),"#N/A") -> #N/A | Q23: =IFERROR(__xludf.DUMMYFUNCTION("AVERAGE( FILTER( INDIRECT(""'"" & $B$16 & ""'!"" & $B23 & "":"" & $B23), (INDIRECT(""'"" & $B$16 & ""'!"" & $B$17 & "":"" & $B$17) = L$18) * (ISNUMBER(SEARCH($B$4, INDIRECT(""'"" & $B$16 & ""'!"" & $B$12 & "":"""&" & $B$12)))) ) )"),"#N/A") -> #N/A | R23: =IFERROR(__xludf.DUMMYFUNCTION("AVERAGE( FILTER( INDIRECT(""'"" & $B$16 & ""'!"" & $B23 & "":"" & $B23), (INDIRECT(""'"" & $B$16 & ""'!"" & $B$17 & "":"" & $B$17) = M$18) * (ISNUMBER(SEARCH($B$4, INDIRECT(""'"" & $B$16 & ""'!"" & $B$12 & "":"""&" & $B$12)))) ) )"),"#N/A") -> #N/A | S23: =($B$6^2*I23)^0.5 -> 0 | T23: =($B$7^2*J23)^0.5 -> #N/A | U23: =($B$8^2*K23)^0.5 -> #N/A | V23: =($B$9^2*L23)^0.5 -> #N/A | W23: =($B$10^2*M23)^0.5 -> #N/A | X23: =N23*$B$6 -> #N/A | Y23: =O23*$B$7 -> #N/A | Z23: =P23*$B$8 -> #N/A | AA23: =Q23*$B$9 -> #N/A | AB23: =R23*$B$10 -> #N/A | AC23: =N23*$C$6 -> #N/A | AD23: =O23*$C$7 -> #N/A | AE23: =P23*$C$8 -> #N/A | AF23: =Q23*$C$9 -> #N/A | AG23: =R23*$C$10 -> #N/A | AH23: =(S23*S23+T23*T23+U23*U23+V23*V23+W23*W23)^0.5 -> #N/A | AI23: =AH23*$B$14 -> #N/A | AJ23: =SUM(X23:AB23) -> #N/A | AK23: =IF(AI23=0,0,AI23/AJ23) -> #N/A | AL23: =AJ23/$B$2 -> #N/A
A24: NF | B24: =IFERROR("$" & SUBSTITUTE(ADDRESS(1, MATCH(A24, INDIRECT("'" & $B$16 & "'!1:1"), 0), 4), "1", ""), "Not Found") -> $AX | C24: =COUNTIFS(INDIRECT("'" & $B$16 & "'!" & $B$17 & ":" & $B$17),C$18,INDIRECT("'" & $B$16 & "'!" & $B$18 & ":" & $B$18),$A24,INDIRECT("'" & $B$16 & "'!" & $B$12 & ":" & $B$12), "*" & $B$4 & "*") -> 0 | D24: =COUNTIFS(INDIRECT("'" & $B$16 & "'!" & $B$17 & ":" & $B$17),D$18,INDIRECT("'" & $B$16 & "'!" & $B$18 & ":" & $B$18),$A24,INDIRECT("'" & $B$16 & "'!" & $B$12 & ":" & $B$12), "*" & $B$4 & "*") -> 0 | E24: =COUNTIFS(INDIRECT("'" & $B$16 & "'!" & $B$17 & ":" & $B$17),E$18,INDIRECT("'" & $B$16 & "'!" & $B$18 & ":" & $B$18),$A24,INDIRECT("'" & $B$16 & "'!" & $B$12 & ":" & $B$12), "*" & $B$4 & "*") -> 0 | F24: =COUNTIFS(INDIRECT("'" & $B$16 & "'!" & $B$17 & ":" & $B$17),F$18,INDIRECT("'" & $B$16 & "'!" & $B$18 & ":" & $B$18),$A24,INDIRECT("'" & $B$16 & "'!" & $B$12 & ":" & $B$12), "*" & $B$4 & "*") -> 0 | G24: =COUNTIFS(INDIRECT("'" & $B$16 & "'!" & $B$17 & ":" & $B$17),G$18,INDIRECT("'" & $B$16 & "'!" & $B$18 & ":" & $B$18),$A24,INDIRECT("'" & $B$16 & "'!" & $B$12 & ":" & $B$12), "*" & $B$4 & "*") -> 0 | H24: =SUM(C24:G24) -> 0 | I24: =IFERROR(__xludf.DUMMYFUNCTION("IF($D$6=0, 0, VAR.S( FILTER( INDIRECT(""'"" & $B$16 & ""'!"" & $B24 & "":"" & $B24), (INDIRECT(""'"" & $B$16 & ""'!"" & $B$17 & "":"" & $B$17) = I$18) * (ISNUMBER(SEARCH($B$4, INDIRECT(""'"" & $B$16 & ""'!"&""" & $B$12 & "":"" & $B$12)))) ) ) / $D$6 ) "),0.0) -> 0 | J24: =IFERROR(__xludf.DUMMYFUNCTION("VAR.S(FILTER(INDIRECT(""'"" & $B$16 & ""'!"" & $B24 & "":"" & $B24), INDIRECT(""'"" & $B$16 & ""'!"" & $B$17 & "":"" & $B$17) = J$18, ISNUMBER(SEARCH($B$4, INDIRECT(""'"" & $B$16 & ""'!"" & $B$12 & "":"" & $B$12)))))/$D$7 "),"#N/A") -> #N/A | K24: =IFERROR(__xludf.DUMMYFUNCTION("VAR.S(FILTER(INDIRECT(""'"" & $B$16 & ""'!"" & $B24 & "":"" & $B24), INDIRECT(""'"" & $B$16 & ""'!"" & $B$17 & "":"" & $B$17) = K$18, ISNUMBER(SEARCH($B$4, INDIRECT(""'"" & $B$16 & ""'!"" & $B$12 & "":"" & $B$12)))))/$D$8 "),"#N/A") -> #N/A | L24: =IFERROR(__xludf.DUMMYFUNCTION("VAR.S(FILTER(INDIRECT(""'"" & $B$16 & ""'!"" & $B24 & "":"" & $B24), INDIRECT(""'"" & $B$16 & ""'!"" & $B$17 & "":"" & $B$17) = L$18, ISNUMBER(SEARCH($B$4, INDIRECT(""'"" & $B$16 & ""'!"" & $B$12 & "":"" & $B$12)))))/$D$9 "),"#N/A") -> #N/A | M24: =IFERROR(__xludf.DUMMYFUNCTION("VAR.S(FILTER(INDIRECT(""'"" & $B$16 & ""'!"" & $B24 & "":"" & $B24), INDIRECT(""'"" & $B$16 & ""'!"" & $B$17 & "":"" & $B$17) = M$18, ISNUMBER(SEARCH($B$4, INDIRECT(""'"" & $B$16 & ""'!"" & $B$12 & "":"" & $B$12)))))/$D$10 "),"#N/A") -> #N/A | N24: =IFERROR(__xludf.DUMMYFUNCTION("AVERAGE( FILTER( INDIRECT(""'"" & $B$16 & ""'!"" & $B24 & "":"" & $B24), (INDIRECT(""'"" & $B$16 & ""'!"" & $B$17 & "":"" & $B$17) = I$18) * (ISNUMBER(SEARCH($B$4, INDIRECT(""'"" & $B$16 & ""'!"" & $B$12 & "":"""&" & $B$12)))) ) )"),"#N/A") -> #N/A | O24: =IFERROR(__xludf.DUMMYFUNCTION("AVERAGE( FILTER( INDIRECT(""'"" & $B$16 & ""'!"" & $B24 & "":"" & $B24), (INDIRECT(""'"" & $B$16 & ""'!"" & $B$17 & "":"" & $B$17) = J$18) * (ISNUMBER(SEARCH($B$4, INDIRECT(""'"" & $B$16 & ""'!"" & $B$12 & "":"""&" & $B$12)))) ) )"),"#N/A") -> #N/A | P24: =IFERROR(__xludf.DUMMYFUNCTION("AVERAGE( FILTER( INDIRECT(""'"" & $B$16 & ""'!"" & $B24 & "":"" & $B24), (INDIRECT(""'"" & $B$16 & ""'!"" & $B$17 & "":"" & $B$17) = K$18) * (ISNUMBER(SEARCH($B$4, INDIRECT(""'"" & $B$16 & ""'!"" & $B$12 & "":"""&" & $B$12)))) ) )"),"#N/A") -> #N/A | Q24: =IFERROR(__xludf.DUMMYFUNCTION("AVERAGE( FILTER( INDIRECT(""'"" & $B$16 & ""'!"" & $B24 & "":"" & $B24), (INDIRECT(""'"" & $B$16 & ""'!"" & $B$17 & "":"" & $B$17) = L$18) * (ISNUMBER(SEARCH($B$4, INDIRECT(""'"" & $B$16 & ""'!"" & $B$12 & "":"""&" & $B$12)))) ) )"),"#N/A") -> #N/A | R24: =IFERROR(__xludf.DUMMYFUNCTION("AVERAGE( FILTER( INDIRECT(""'"" & $B$16 & ""'!"" & $B24 & "":"" & $B24), (INDIRECT(""'"" & $B$16 & ""'!"" & $B$17 & "":"" & $B$17) = M$18) * (ISNUMBER(SEARCH($B$4, INDIRECT(""'"" & $B$16 & ""'!"" & $B$12 & "":"""&" & $B$12)))) ) )"),"#N/A") -> #N/A | S24: =($B$6^2*I24)^0.5 -> 0 | T24: =($B$7^2*J24)^0.5 -> #N/A | U24: =($B$8^2*K24)^0.5 -> #N/A | V24: =($B$9^2*L24)^0.5 -> #N/A | W24: =($B$10^2*M24)^0.5 -> #N/A | X24: =N24*$B$6 -> #N/A | Y24: =O24*$B$7 -> #N/A | Z24: =P24*$B$8 -> #N/A | AA24: =Q24*$B$9 -> #N/A | AB24: =R24*$B$10 -> #N/A | AC24: =N24*$C$6 -> #N/A | AD24: =O24*$C$7 -> #N/A | AE24: =P24*$C$8 -> #N/A | AF24: =Q24*$C$9 -> #N/A | AG24: =R24*$C$10 -> #N/A | AH24: =(S24*S24+T24*T24+U24*U24+V24*V24+W24*W24)^0.5 -> #N/A | AI24: =AH24*$B$14 -> #N/A | AJ24: =SUM(X24:AB24) -> #N/A | AK24: =IF(AI24=0,0,AI24/AJ24) -> #N/A | AL24: =AJ24/$B$2 -> #N/A
H25: =SUM(H19:H24) -> 0 | AJ25: =SUM(AJ19:AJ24) -> #N/A

Sheet National Summary 2015-2023
A1: ISO | B1: Change | C1: Year | D1: Area (ha) | E1: MOE | F1: MOE (lower) | G1: MOE (upper) | H1: Total Error (%) | I1: % of Forest | J1: % of Area | K1: Annual Rate
A2: CAR | B2: Deforestation | C2: 2016 | D2: ='TNT 2015-2022'!AJ19 -> #N/A | E2: ='TNT 2015-2022'!AH19 -> 0 | F2: =D2-E2 -> #N/A | G2: =D2+E2 -> #N/A | H2: ='TNT 2015-2022'!AK19 -> 0 | I2: =D2/D20 -> #N/A | J2: =D2/'TNT 2015-2022'!$B$2 -> #N/A | K2: =LN(D21/D20) -> #N/A
A3: CAR | B3: Deforestation | C3: 2017 | D3: ='TNT 2015-2022'!AJ20 -> #N/A | E3: ='TNT 2015-2022'!AH20 -> 16705569 | F3: =D3-E3 -> #N/A | G3: =D3+E3 -> #N/A | H3: ='TNT 2015-2022'!AK20 -> #N/A | I3: =D3/D21 -> #N/A | J3: =D3/'TNT 2015-2022'!$B$2 -> #N/A | K3: =LN(D22/D21) -> #N/A
A4: CAR | B4: Deforestation | C4: 2018 | D4: ='TNT 2015-2022'!AJ21 -> #N/A | E4: ='TNT 2015-2022'!AH21 -> 0 | F4: =D4-E4 -> #N/A | G4: =D4+E4 -> #N/A | H4: ='TNT 2015-2022'!AK21 -> 0 | I4: =D4/D22 -> #N/A | J4: =D4/'TNT 2015-2022'!$B$2 -> #N/A | K4: =LN(D23/D22) -> #N/A
A5: CAR | B5: Deforestation | C5: 2019 | D5: ='TNT 2015-2022'!AJ22 -> #N/A | E5: ='TNT 2015-2022'!AH22 -> 0 | F5: =D5-E5 -> #N/A | G5: =D5+E5 -> #N/A | H5: ='TNT 2015-2022'!AK22 -> 0 | I5: =D5/D23 -> #N/A | J5: =D5/'TNT 2015-2022'!$B$2 -> #N/A | K5: =LN(D24/D23) -> #N/A
A6: CAR | B6: Deforestation | C6: 2020 | D6: ='TNT 2015-2022'!AJ23 -> #N/A | E6: ='TNT 2015-2022'!AH23 -> 0 | F6: =D6-E6 -> #N/A | G6: =D6+E6 -> #N/A | H6: ='TNT 2015-2022'!AK23 -> 0 | I6: =D6/D24 -> #N/A | J6: =D6/'TNT 2015-2022'!$B$2 -> #N/A | K6: =LN(D25/D24) -> #N/A
A7: CAR | B7: Deforestation | C7: 2021 | D7: ='TNT 2015-2022'!AJ24 -> #N/A | E7: ='TNT 2015-2022'!AH24 -> 0 | F7: =D7-E7 -> #N/A | G7: =D7+E7 -> #N/A | H7: ='TNT 2015-2022'!AK24 -> 0 | I7: =D7/D25 -> #N/A | J7: =D7/'TNT 2015-2022'!$B$2 -> #N/A | K7: =LN(D26/D25) -> #N/A
A8: CAR | B8: Deforestation | C8: 2022 | D8: ='TNT 2015-2022'!AJ25 -> #N/A | E8: ='TNT 2015-2022'!AH25 -> 0 | F8: =D8-E8 -> #N/A | G8: =D8+E8 -> #N/A | H8: ='TNT 2015-2022'!AK25 -> 0 | I8: =D8/D26 -> #N/A | J8: =D8/'TNT 2015-2022'!$B$2 -> #N/A | K8: =LN(D27/D26) -> #N/A
A9: CAR | B9: Deforestation | C9: 2023 | D9: ='TNT 2023'!AJ19 -> #N/A | E9: ='TNT 2023'!AI19 -> #N/A | F9: =D9-E9 -> #N/A | G9: =D9+E9 -> #N/A | H9: ='TNT 2023'!AK19 -> #N/A | I9: =D9/D27 -> #N/A | J9: =D9/'TNT 2015-2022'!$B$2 -> #N/A | K9: =LN(D28/D27) -> #N/A
A10: CAR | B10: Total Deforestation | D10: =SUM(D2:D9) -> #N/A | E10: =H10/100*D10 -> #N/A | F10: =D10-E10 -> #N/A | G10: =D10+E10 -> #N/A | H10: =SQRT((('TNT 2015-2022'!AJ36*'TNT 2015-2022'!AK36)^2)+((D9*H9)^2))/('TNT 2015-2022'!AJ36+'TNT 2023'!AJ19) -> #N/A | I10: =D10/D28 -> #N/A | J10: =D10/'TNT 2015-2022'!$B$2 -> #N/A | K10: =1/(2023-2015)*LN(D28/D20) -> #N/A | M10: SQRT(total area * total error)2 + (total area * total error)2 / total area
A11: CAR | B11: Degradation | C11: 2016 | D11: ='TNT 2015-2022'!AJ27 -> #N/A | E11: ='TNT 2015-2022'!AH27 -> 0 | F11: =D11-E11 -> #N/A | G11: =D11+E11 -> #N/A | H11: ='TNT 2015-2022'!AK27 -> 0 | I11: =D11/D20 -> #N/A | J11: =D11/'TNT 2015-2022'!$B$2 -> #N/A | K11: 0
A12: CAR | B12: Degradation | C12: 2017 | D12: ='TNT 2015-2022'!AJ28 -> #N/A | E12: ='TNT 2015-2022'!AH28 -> 0 | F12: =D12-E12 -> #N/A | G12: =D12+E12 -> #N/A | H12: ='TNT 2015-2022'!AK28 -> 0 | I12: =D12/D21 -> #N/A | J12: =D12/'TNT 2015-2022'!$B$2 -> #N/A | K12: =LN((D22-D12)/(D21-D11)) -> #N/A
A13: CAR | B13: Degradation | C13: 2018 | D13: ='TNT 2015-2022'!AJ29 -> #N/A | E13: ='TNT 2015-2022'!AH29 -> 0 | F13: =D13-E13 -> #N/A | G13: =D13+E13 -> #N/A | H13: ='TNT 2015-2022'!AK29 -> 0 | I13: =D13/D22 -> #N/A | J13: =D13/'TNT 2015-2022'!$B$2 -> #N/A | K13: =LN((D23-D13)/(D22-D12)) -> #N/A
A14: CAR | B14: Degradation | C14: 2019 | D14: ='TNT 2015-2022'!AJ30 -> #N/A | E14: ='TNT 2015-2022'!AH30 -> 0 | F14: =D14-E14 -> #N/A | G14: =D14+E14 -> #N/A | H14: ='TNT 2015-2022'!AK30 -> 0 | I14: =D14/D23 -> #N/A | J14: =D14/'TNT 2015-2022'!$B$2 -> #N/A | K14: =LN((D24-D14)/(D23-D13)) -> #N/A
A15: CAR | B15: Degradation | C15: 2020 | D15: ='TNT 2015-2022'!AJ31 -> #N/A | E15: ='TNT 2015-2022'!AH31 -> 0 | F15: =D15-E15 -> #N/A | G15: =D15+E15 -> #N/A | H15: ='TNT 2015-2022'!AK31 -> 0 | I15: =D15/D24 -> #N/A | J15: =D15/'TNT 2015-2022'!$B$2 -> #N/A | K15: =LN((D25-D15)/(D24-D14)) -> #N/A
A16: CAR | B16: Degradation | C16: 2021 | D16: ='TNT 2015-2022'!AJ32 -> #N/A | E16: ='TNT 2015-2022'!AH32 -> 0 | F16: =D16-E16 -> #N/A | G16: =D16+E16 -> #N/A | H16: ='TNT 2015-2022'!AK32 -> 0 | I16: =D16/D25 -> #N/A | J16: =D16/'TNT 2015-2022'!$B$2 -> #N/A | K16: =LN((D26-D16)/(D25-D15)) -> #N/A
A17: CAR | B17: Degradation | C17: 2022 | D17: ='TNT 2015-2022'!AJ33 -> #N/A | E17: ='TNT 2015-2022'!AH33 -> 0 | F17: =D17-E17 -> #N/A | G17: =D17+E17 -> #N/A | H17: ='TNT 2015-2022'!AK33 -> 0 | I17: =D17/D26 -> #N/A | J17: =D17/'TNT 2015-2022'!$B$2 -> #N/A | K17: =LN((D27-D17)/(D26-D16)) -> #N/A
A18: CAR | B18: Degradation | C18: 2023 | D18: ='TNT 2023'!AJ21 -> #N/A | E18: ='TNT 2023'!AI21 -> #N/A | F18: =D18-E18 -> #N/A | G18: =D18+E18 -> #N/A | H18: ='TNT 2023'!AK21 -> #N/A | I18: =D18/D27 -> #N/A | J18: =D18/'TNT 2015-2022'!$B$2 -> #N/A | K18: =LN((D28-D18)/(D27-D17)) -> #N/A
A19: CAR | B19: Total Degradation | D19: =SUM(D11:D18) -> #N/A | E19: =H19/100*D19 -> #N/A | F19: =D19-E19 -> #N/A | G19: =D19+E19 -> #N/A | H19: =SQRT((('TNT 2015-2022'!AJ37*'TNT 2015-2022'!AK37)^2)+((D18*H18)^2))/('TNT 2015-2022'!AJ37+D18) -> #N/A | I19: =D19/D20 -> #N/A | J19: =D19/'TNT 2015-2022'!$B$2 -> #N/A | K19: =1/(2023-2015)*LN((D28-D19)/(D20)) -> #N/A
A20: CAR | B20: Forest | C20: 2015 | D20: ='TNT 2015-2022'!AJ39+SUM(D2:D8)+SUM(D11:D17) -> #N/A | E20: ='TNT 2015-2022'!AH39 -> 0 | F20: =D20-E20 -> #N/A | G20: =D20+E20 -> #N/A | H20: =E20/D20 -> #N/A | J20: =D20/'TNT 2015-2022'!$B$2 -> #N/A
A21: CAR | B21: Forest | C21: 2016 | D21: =D20-D2 -> #N/A | E21: =$E$20+E2 -> 0 | F21: =D21-E21 -> #N/A | G21: =D21+E21 -> #N/A | H21: =E21/D21 -> #N/A | J21: =D21/'TNT 2015-2022'!$B$2 -> #N/A
A22: CAR | B22: Forest | C22: 2017 | D22: =D21-D3 -> #N/A | E22: =$E$20+E3 -> 16705569 | F22: =D22-E22 -> #N/A | G22: =D22+E22 -> #N/A | H22: =E22/D22 -> #N/A | J22: =D22/'TNT 2015-2022'!$B$2 -> #N/A
A23: CAR | B23: Forest | C23: 2018 | D23: =D22-D4 -> #N/A | E23: =$E$20+E4 -> 0 | F23: =D23-E23 -> #N/A | G23: =D23+E23 -> #N/A | H23: =E23/D23 -> #N/A | J23: =D23/'TNT 2015-2022'!$B$2 -> #N/A
A24: CAR | B24: Forest | C24: 2019 | D24: =D23-D5 -> #N/A | E24: =$E$20+E5 -> 0 | F24: =D24-E24 -> #N/A | G24: =D24+E24 -> #N/A | H24: =E24/D24 -> #N/A | J24: =D24/'TNT 2015-2022'!$B$2 -> #N/A
A25: CAR | B25: Forest | C25: 2020 | D25: =D24-D6 -> #N/A | E25: =$E$20+E6 -> 0 | F25: =D25-E25 -> #N/A | G25: =D25+E25 -> #N/A | H25: =E25/D25 -> #N/A | J25: =D25/'TNT 2015-2022'!$B$2 -> #N/A
A26: CAR | B26: Forest | C26: 2021 | D26: =D25-D7 -> #N/A | E26: =$E$20+E7 -> 0 | F26: =D26-E26 -> #N/A | G26: =D26+E26 -> #N/A | H26: =E26/D26 -> #N/A | J26: =D26/'TNT 2015-2022'!$B$2 -> #N/A
A27: CAR | B27: Forest | C27: 2022 | D27: =D26-D8 -> #N/A | E27: =$E$20+E8 -> 0 | F27: =D27-E27 -> #N/A | G27: =D27+E27 -> #N/A | H27: =E27/D27 -> #N/A | J27: =D27/'TNT 2015-2022'!$B$2 -> #N/A
A28: CAR | B28: Forest | C28: 2023 | D28: =D27-D9 -> #N/A | E28: =$E$20+E9 -> #N/A | F28: =D28-E28 -> #N/A | G28: =D28+E28 -> #N/A | H28: =E28/D28 -> #N/A | J28: =D28/'TNT 2015-2022'!$B$2 -> #N/A
A29: CAR | B29: Non-Forest | C29: 2015 | D29: ='TNT 2015-2022'!AJ40 -> #N/A | E29: ='TNT 2015-2022'!AH40 -> 16705569 | F29: =D29-E29 -> #N/A | G29: =D29+E29 -> #N/A | H29: =E29/D29 -> #N/A | J29: =D29/'TNT 2015-2022'!$B$2 -> #N/A
A30: CAR | B30: Non-Forest | C30: 2016 | D30: =D29+D2 -> #N/A | E30: =$E$29+E11 -> 16705569 | F30: =D30-E30 -> #N/A | G30: =D30+E30 -> #N/A | H30: =E30/D30 -> #N/A | J30: =D30/'TNT 2015-2022'!$B$2 -> #N/A
A31: CAR | B31: Non-Forest | C31: 2017 | D31: =D30+D3 -> #N/A | E31: =$E$29+E12 -> 16705569 | F31: =D31-E31 -> #N/A | G31: =D31+E31 -> #N/A | H31: =E31/D31 -> #N/A | J31: =D31/'TNT 2015-2022'!$B$2 -> #N/A
A32: CAR | B32: Non-Forest | C32: 2018 | D32: =D31+D4 -> #N/A | E32: =$E$29+E13 -> 16705569 | F32: =D32-E32 -> #N/A | G32: =D32+E32 -> #N/A | H32: =E32/D32 -> #N/A | J32: =D32/'TNT 2015-2022'!$B$2 -> #N/A
A33: CAR | B33: Non-Forest | C33: 2019 | D33: =D32+D5 -> #N/A | E33: =$E$29+E14 -> 16705569 | F33: =D33-E33 -> #N/A | G33: =D33+E33 -> #N/A | H33: =E33/D33 -> #N/A | J33: =D33/'TNT 2015-2022'!$B$2 -> #N/A
A34: CAR | B34: Non-Forest | C34: 2020 | D34: =D33+D6 -> #N/A | E34: =$E$29+E15 -> 16705569 | F34: =D34-E34 -> #N/A | G34: =D34+E34 -> #N/A | H34: =E34/D34 -> #N/A | J34: =D34/'TNT 2015-2022'!$B$2 -> #N/A
A35: CAR | B35: Non-Forest | C35: 2021 | D35: =D34+D7 -> #N/A | E35: =$E$29+E16 -> 16705569 | F35: =D35-E35 -> #N/A | G35: =D35+E35 -> #N/A | H35: =E35/D35 -> #N/A | J35: =D35/'TNT 2015-2022'!$B$2 -> #N/A
A36: CAR | B36: Non-Forest | C36: 2022 | D36: =D35+D8 -> #N/A | E36: =$E$29+E17 -> 16705569 | F36: =D36-E36 -> #N/A | G36: =D36+E36 -> #N/A | H36: =E36/D36 -> #N/A | J36: =D36/'TNT 2015-2022'!$B$2 -> #N/A
A37: CAR | B37: Non-Forest | C37: 2023 | D37: =D36+D9 -> #N/A | E37: =$E$29+E18 -> #N/A | F37: =D37-E37 -> #N/A | G37: =D37+E37 -> #N/A | H37: =E37/D37 -> #N/A | J37: =D37/'TNT 2015-2022'!$B$2 -> #N/A

Sheet Prefectures TNT 2015-2022
A1: Lobaye | B1: Forest Cover Change Estimates Sub-National Level
A2: Total Study Area (ha) | B2: =B11 -> 1840155 | I2: Summary
I3: Year | J3: Deforestation | K3: Year | L3: Degradation
A4: Time Period | B4: 1522 | I4: 2016 | J4: =AJ20 -> 0 | K4: 2016 | L4: =AJ28 -> 0
A5: Stratum | B5: Area (ha) | C5: Weight | D5: # CEO points interpreted | I5: 2017 | J5: =AJ21 -> 0 | K5: 2017 | L5: =AJ29 -> 0
A6: 1 | B6: =VLOOKUP($A$1,'Prefecture Summary 2015-2023'!$A$1:$G$18,(A6+2),FALSE) -> 1469598 | C6: =B6/$B$11 -> 0.79862729 | D6: =COUNTIFS( INDIRECT("'" & $B$17 & "'!" & $B$18 & ":" & $B$18), A6, INDIRECT("'" & $B$17 & "'!" & $B$12 & ":" & $B$12), "*" & $B$4 & "*", INDIRECT("'" & $B$17 & "'!" & $B$13 & ":" & $B$13), $A$1 ) -> 0 | I6: 2018 | J6: =AJ22 -> 0 | K6: 2018 | L6: =AJ30 -> 0
A7: 2 | B7: =VLOOKUP($A$1,'Prefecture Summary 2015-2023'!$A$1:$G$18,(A7+2),FALSE) -> 141197 | C7: =B7/$B$11 -> 0.076731036 | D7: =COUNTIFS( INDIRECT("'" & $B$17 & "'!" & $B$18 & ":" & $B$18), A7, INDIRECT("'" & $B$17 & "'!" & $B$12 & ":" & $B$12), "*" & $B$4 & "*", INDIRECT("'" & $B$17 & "'!" & $B$13 & ":" & $B$13), $A$1 ) -> 0 | I7: 2019 | J7: =AJ23 -> 0 | K7: 2019 | L7: =AJ31 -> 0
A8: 3 | B8: =VLOOKUP($A$1,'Prefecture Summary 2015-2023'!$A$1:$G$18,(A8+2),FALSE) -> 128451 | C8: =B8/$B$11 -> 0.069804446 | D8: =COUNTIFS( INDIRECT("'" & $B$17 & "'!" & $B$18 & ":" & $B$18), A8, INDIRECT("'" & $B$17 & "'!" & $B$12 & ":" & $B$12), "*" & $B$4 & "*", INDIRECT("'" & $B$17 & "'!" & $B$13 & ":" & $B$13), $A$1 ) -> 0 | I8: 2020 | J8: =AJ24 -> 0 | K8: 2020 | L8: =AJ32 -> 0
A9: 4 | B9: =VLOOKUP($A$1,'Prefecture Summary 2015-2023'!$A$1:$G$18,(A9+2),FALSE) -> 76129 | C9: =B9/$B$11 -> 0.041370971 | D9: =COUNTIFS( INDIRECT("'" & $B$17 & "'!" & $B$18 & ":" & $B$18), A9, INDIRECT("'" & $B$17 & "'!" & $B$12 & ":" & $B$12), "*" & $B$4 & "*", INDIRECT("'" & $B$17 & "'!" & $B$13 & ":" & $B$13), $A$1 ) -> 0 | I9: 2021 | J9: =AJ25 -> 0 | K9: 2021 | L9: =AJ33 -> 0
A10: 5 | B10: =VLOOKUP($A$1,'Prefecture Summary 2015-2023'!$A$1:$G$18,(A10+2),FALSE) -> 24780 | C10: =B10/$B$11 -> 0.013466257 | D10: =COUNTIFS( INDIRECT("'" & $B$17 & "'!" & $B$18 & ":" & $B$18), A10, INDIRECT("'" & $B$17 & "'!" & $B$12 & ":" & $B$12), "*" & $B$4 & "*", INDIRECT("'" & $B$17 & "'!" & $B$13 & ":" & $B$13), $A$1 ) -> 0 | I10: 2022 | J10: =AJ26 -> 0 | K10: 2022 | L10: =AJ34 -> 0
B11: =SUM(B6:B10) -> 1840155 | C11: =SUM(C6:C10) -> 1 | D11: =SUM(D6:D10) -> 0 | I11: 2023 | J11: =#REF! -> #REF! | K11: 2023 | L11: =#REF! -> #REF!
A12: Collection | B12: =IFERROR("$" & SUBSTITUTE(ADDRESS(1, MATCH(A12, INDIRECT("'" & $B$17 & "'!1:1"), 0), 4), "1", ""), "Not Found") -> $AB
A13: Prefecture | B13: =IFERROR("$" & SUBSTITUTE(ADDRESS(1, MATCH(A13, INDIRECT("'" & $B$17 & "'!1:1"), 0), 4), "1", ""), "Not Found") -> $DE
A15: Z value | B15: 1.645
A17: Sheet Name | B17: ='TNT 2015-2022'!B16 -> CEO 2015-2023
A18: Strata Column | B18: ='TNT 2015-2022'!B17 -> $C | C18: # of CEO points in Strata | I18: Variance | N18: Average | S18: Error per class per strata | X18: Area per class per strata | AC18: Weighted Average
A19: Ref Change Year Column | B19: ='TNT 2015-2022'!B18 -> $DD | C19: 1 | D19: 2 | E19: 3 | F19: 4 | G19: 5 | H19: Total | I19: 1 | J19: 2 | K19: 3 | L19: 4 | M19: 5 | N19: 1 | O19: 2 | P19: 3 | Q19: 4 | R19: 5 | S19: 1 | T19: 2 | U19: 3 | V19: 4 | W19: 5 | X19: 1 | Y19: 2 | Z19: 3 | AA19: 4 | AB19: 5 | AC19: 1 | AD19: 2 | AE19: 3 | AF19: 4 | AG19: 5 | AH19: Total Error (ha) | AI19: MOE (90% c.i.) | AJ19: Total Area (ha) | AK19: Total error in % | AL19: Total of Area (%)
A20: Def2016 | B20: ='TNT 2015-2022'!B19 -> $AG | C20: =COUNTIFS( INDIRECT("'" & $B$17 & "'!" & $B$18 & ":" & $B$18), C$19, INDIRECT("'" & $B$17 & "'!" & $B$12 & ":" & $B$12), "*" & $B$4 & "*", INDIRECT("'" & $B$17 & "'!" & $B$13 & ":" & $B$13), $A$1, INDIRECT("'" & $B$17 & "'!" & $B$19 & ":" & $B$19), $A20 ) -> 0 | D20: =COUNTIFS( INDIRECT("'" & $B$17 & "'!" & $B$18 & ":" & $B$18), D$19, INDIRECT("'" & $B$17 & "'!" & $B$12 & ":" & $B$12), "*" & $B$4 & "*", INDIRECT("'" & $B$17 & "'!" & $B$13 & ":" & $B$13), $A$1, INDIRECT("'" & $B$17 & "'!" & $B$19 & ":" & $B$19), $A20 ) -> 0 | E20: =COUNTIFS( INDIRECT("'" & $B$17 & "'!" & $B$18 & ":" & $B$18), E$19, INDIRECT("'" & $B$17 & "'!" & $B$12 & ":" & $B$12), "*" & $B$4 & "*", INDIRECT("'" & $B$17 & "'!" & $B$13 & ":" & $B$13), $A$1, INDIRECT("'" & $B$17 & "'!" & $B$19 & ":" & $B$19), $A20 ) -> 0 | F20: =COUNTIFS( INDIRECT("'" & $B$17 & "'!" & $B$18 & ":" & $B$18), F$19, INDIRECT("'" & $B$17 & "'!" & $B$12 & ":" & $B$12), "*" & $B$4 & "*", INDIRECT("'" & $B$17 & "'!" & $B$13 & ":" & $B$13), $A$1, INDIRECT("'" & $B$17 & "'!" & $B$19 & ":" & $B$19), $A20 ) -> 0 | G20: =COUNTIFS( INDIRECT("'" & $B$17 & "'!" & $B$18 & ":" & $B$18), G$19, INDIRECT("'" & $B$17 & "'!" & $B$12 & ":" & $B$12), "*" & $B$4 & "*", INDIRECT("'" & $B$17 & "'!" & $B$13 & ":" & $B$13), $A$1, INDIRECT("'" & $B$17 & "'!" & $B$19 & ":" & $B$19), $A20 ) -> 0 | H20: =SUM(C20:G20) -> 0 | I20: =IFERROR(__xludf.DUMMYFUNCTION("IFERROR( VAR.S( FILTER( INDIRECT(""'"" & $B$17 & ""'!"" & $B20 & "":"" & $B20), (INDIRECT(""'"" & $B$17 & ""'!"" & $B$18 & "":"" & $B$18) = I$19) * (ISNUMBER(SEARCH($B$4, INDIRECT(""'"" & $B$17 & ""'!"" & $"&"B$12 & "":"" & $B$12)))) * (INDIRECT(""'"" & $B$17 & ""'!"" & $B$13 & "":"" & $B$13) = $A$1) ) )/$D$6, 0 ) "),0.0) -> 0 | J20: =IFERROR(__xludf.DUMMYFUNCTION("IFERROR( VAR.S( FILTER( INDIRECT(""'"" & $B$17 & ""'!"" & $B20 & "":"" & $B20), (INDIRECT(""'"" & $B$17 & ""'!"" & $B$18 & "":"" & $B$18) = J$19) * (ISNUMBER(SEARCH($B$4, INDIRECT(""'"" & $B$17 & ""'!"" & $"&"B$12 & "":"" & $B$12)))) * (INDIRECT(""'"" & $B$17 & ""'!"" & $B$13 & "":"" & $B$13) = $A$1) ) )/$D$7, 0 ) "),0.0) -> 0 | K20: =IFERROR(__xludf.DUMMYFUNCTION("IFERROR( VAR.S( FILTER( INDIRECT(""'"" & $B$17 & ""'!"" & $B20 & "":"" & $B20), (INDIRECT(""'"" & $B$17 & ""'!"" & $B$18 & "":"" & $B$18) = K$19) * (ISNUMBER(SEARCH($B$4, INDIRECT(""'"" & $B$17 & ""'!"" & $"&"B$12 & "":"" & $B$12)))) * (INDIRECT(""'"" & $B$17 & ""'!"" & $B$13 & "":"" & $B$13) = $A$1) ) )/$D$8, 0 ) "),0.0) -> 0 | L20: =IFERROR(__xludf.DUMMYFUNCTION("IFERROR( VAR.S( FILTER( INDIRECT(""'"" & $B$17 & ""'!"" & $B20 & "":"" & $B20), (INDIRECT(""'"" & $B$17 & ""'!"" & $B$18 & "":"" & $B$18) = L$19) * (ISNUMBER(SEARCH($B$4, INDIRECT(""'"" & $B$17 & ""'!"" & $"&"B$12 & "":"" & $B$12)))) * (INDIRECT(""'"" & $B$17 & ""'!"" & $B$13 & "":"" & $B$13) = $A$1) ) )/$D$9, 0 ) "),0.0) -> 0 | M20: =IFERROR(__xludf.DUMMYFUNCTION("IFERROR( VAR.S( FILTER( INDIRECT(""'"" & $B$17 & ""'!"" & $B20 & "":"" & $B20), (INDIRECT(""'"" & $B$17 & ""'!"" & $B$18 & "":"" & $B$18) = M$19) * (ISNUMBER(SEARCH($B$4, INDIRECT(""'"" & $B$17 & ""'!"" & $"&"B$12 & "":"" & $B$12)))) * (INDIRECT(""'"" & $B$17 & ""'!"" & $B$13 & "":"" & $B$13) = $A$1) ) )/$D$10, 0 ) "),0.0) -> 0 | N20: =IFERROR(__xludf.DUMMYFUNCTION("IFERROR( AVERAGE( FILTER( INDIRECT(""'"" & $B$17 & ""'!"" & $B20 & "":"" & $B20), (INDIRECT(""'"" & $B$17 & ""'!"" & $B$18 & "":"" & $B$18) = N$19) * (ISNUMBER(SEARCH($B$4, INDIRECT(""'"" & $B$17 & ""'!"" &"&" $B$12 & "":"" & $B$12)))) * (INDIRECT(""'"" & $B$17 & ""'!"" & $B$13 & "":"" & $B$13) = $A$1) ) ), 0 )"),0.0) -> 0 | O20: =IFERROR(__xludf.DUMMYFUNCTION("IFERROR( AVERAGE( FILTER( INDIRECT(""'"" & $B$17 & ""'!"" & $B20 & "":"" & $B20), (INDIRECT(""'"" & $B$17 & ""'!"" & $B$18 & "":"" & $B$18) = O$19) * (ISNUMBER(SEARCH($B$4, INDIRECT(""'"" & $B$17 & ""'!"" &"&" $B$12 & "":"" & $B$12)))) * (INDIRECT(""'"" & $B$17 & ""'!"" & $B$13 & "":"" & $B$13) = $A$1) ) ), 0 )"),0.0) -> 0 | P20: =IFERROR(__xludf.DUMMYFUNCTION("IFERROR( AVERAGE( FILTER( INDIRECT(""'"" & $B$17 & ""'!"" & $B20 & "":"" & $B20), (INDIRECT(""'"" & $B$17 & ""'!"" & $B$18 & "":"" & $B$18) = P$19) * (ISNUMBER(SEARCH($B$4, INDIRECT(""'"" & $B$17 & ""'!"" &"&" $B$12 & "":"" & $B$12)))) * (INDIRECT(""'"" & $B$17 & ""'!"" & $B$13 & "":"" & $B$13) = $A$1) ) ), 0 )"),0.0) -> 0 | Q20: =IFERROR(__xludf.DUMMYFUNCTION("IFERROR( AVERAGE( FILTER( INDIRECT(""'"" & $B$17 & ""'!"" & $B20 & "":"" & $B20), (INDIRECT(""'"" & $B$17 & ""'!"" & $B$18 & "":"" & $B$18) = Q$19) * (ISNUMBER(SEARCH($B$4, INDIRECT(""'"" & $B$17 & ""'!"" &"&" $B$12 & "":"" & $B$12)))) * (INDIRECT(""'"" & $B$17 & ""'!"" & $B$13 & "":"" & $B$13) = $A$1) ) ), 0 )"),0.0) -> 0 | R20: =IFERROR(__xludf.DUMMYFUNCTION("IFERROR( AVERAGE( FILTER( INDIRECT(""'"" & $B$17 & ""'!"" & $B20 & "":"" & $B20), (INDIRECT(""'"" & $B$17 & ""'!"" & $B$18 & "":"" & $B$18) = R$19) * (ISNUMBER(SEARCH($B$4, INDIRECT(""'"" & $B$17 & ""'!"" &"&" $B$12 & "":"" & $B$12)))) * (INDIRECT(""'"" & $B$17 & ""'!"" & $B$13 & "":"" & $B$13) = $A$1) ) ), 0 )"),0.0) -> 0 | S20: =($B$6^2*I20)^0.5 -> 0 | T20: =($B$7^2*J20)^0.5 -> 0 | U20: =($B$8^2*K20)^0.5 -> 0 | V20: =($B$9^2*L20)^0.5 -> 0 | W20: =($B$10^2*M20)^0.5 -> 0 | X20: =N20*$B$6 -> 0 | Y20: =O20*$B$7 -> 0 | Z20: =P20*$B$8 -> 0 | AA20: =Q20*$B$9 -> 0 | AB20: =R20*$B$10 -> 0 | AC20: =N20*$C$6 -> 0 | AD20: =O20*$C$7 -> 0 | AE20: =P20*$C$8 -> 0 | AF20: =Q20*$C$9 -> 0 | AG20: =R20*$C$10 -> 0 | AH20: =(S20*S20+T20*T20+U20*U20+V20*V20+W20*W20)^0.5 -> 0 | AI20: =AH20*$B$15 -> 0 | AJ20: =SUM(X20:AB20) -> 0 | AK20: =IF(AI20=0,0,AI20/AJ20) -> 0 | AL20: =AJ20/$B$2 -> 0
A21: Def2017 | B21: ='TNT 2015-2022'!B20 -> $AH | C21: =COUNTIFS( INDIRECT("'" & $B$17 & "'!" & $B$18 & ":" & $B$18), C$19, INDIRECT("'" & $B$17 & "'!" & $B$12 & ":" & $B$12), "*" & $B$4 & "*", INDIRECT("'" & $B$17 & "'!" & $B$13 & ":" & $B$13), $A$1, INDIRECT("'" & $B$17 & "'!" & $B$19 & ":" & $B$19), $A21 ) -> 0 | D21: =COUNTIFS( INDIRECT("'" & $B$17 & "'!" & $B$18 & ":" & $B$18), D$19, INDIRECT("'" & $B$17 & "'!" & $B$12 & ":" & $B$12), "*" & $B$4 & "*", INDIRECT("'" & $B$17 & "'!" & $B$13 & ":" & $B$13), $A$1, INDIRECT("'" & $B$17 & "'!" & $B$19 & ":" & $B$19), $A21 ) -> 0 | E21: =COUNTIFS( INDIRECT("'" & $B$17 & "'!" & $B$18 & ":" & $B$18), E$19, INDIRECT("'" & $B$17 & "'!" & $B$12 & ":" & $B$12), "*" & $B$4 & "*", INDIRECT("'" & $B$17 & "'!" & $B$13 & ":" & $B$13), $A$1, INDIRECT("'" & $B$17 & "'!" & $B$19 & ":" & $B$19), $A21 ) -> 0 | F21: =COUNTIFS( INDIRECT("'" & $B$17 & "'!" & $B$18 & ":" & $B$18), F$19, INDIRECT("'" & $B$17 & "'!" & $B$12 & ":" & $B$12), "*" & $B$4 & "*", INDIRECT("'" & $B$17 & "'!" & $B$13 & ":" & $B$13), $A$1, INDIRECT("'" & $B$17 & "'!" & $B$19 & ":" & $B$19), $A21 ) -> 0 | G21: =COUNTIFS( INDIRECT("'" & $B$17 & "'!" & $B$18 & ":" & $B$18), G$19, INDIRECT("'" & $B$17 & "'!" & $B$12 & ":" & $B$12), "*" & $B$4 & "*", INDIRECT("'" & $B$17 & "'!" & $B$13 & ":" & $B$13), $A$1, INDIRECT("'" & $B$17 & "'!" & $B$19 & ":" & $B$19), $A21 ) -> 0 | H21: =SUM(C21:G21) -> 0 | I21: =IFERROR(__xludf.DUMMYFUNCTION("IFERROR( VAR.S( FILTER( INDIRECT(""'"" & $B$17 & ""'!"" & $B21 & "":"" & $B21), (INDIRECT(""'"" & $B$17 & ""'!"" & $B$18 & "":"" & $B$18) = I$19) * (ISNUMBER(SEARCH($B$4, INDIRECT(""'"" & $B$17 & ""'!"" & $"&"B$12 & "":"" & $B$12)))) * (INDIRECT(""'"" & $B$17 & ""'!"" & $B$13 & "":"" & $B$13) = $A$1) ) )/$D$6, 0 ) "),0.0) -> 0 | J21: =IFERROR(__xludf.DUMMYFUNCTION("IFERROR( VAR.S( FILTER( INDIRECT(""'"" & $B$17 & ""'!"" & $B21 & "":"" & $B21), (INDIRECT(""'"" & $B$17 & ""'!"" & $B$18 & "":"" & $B$18) = J$19) * (ISNUMBER(SEARCH($B$4, INDIRECT(""'"" & $B$17 & ""'!"" & $"&"B$12 & "":"" & $B$12)))) * (INDIRECT(""'"" & $B$17 & ""'!"" & $B$13 & "":"" & $B$13) = $A$1) ) )/$D$7, 0 ) "),0.0) -> 0 | K21: =IFERROR(__xludf.DUMMYFUNCTION("IFERROR( VAR.S( FILTER( INDIRECT(""'"" & $B$17 & ""'!"" & $B21 & "":"" & $B21), (INDIRECT(""'"" & $B$17 & ""'!"" & $B$18 & "":"" & $B$18) = K$19) * (ISNUMBER(SEARCH($B$4, INDIRECT(""'"" & $B$17 & ""'!"" & $"&"B$12 & "":"" & $B$12)))) * (INDIRECT(""'"" & $B$17 & ""'!"" & $B$13 & "":"" & $B$13) = $A$1) ) )/$D$8, 0 ) "),0.0) -> 0 | L21: =IFERROR(__xludf.DUMMYFUNCTION("IFERROR( VAR.S( FILTER( INDIRECT(""'"" & $B$17 & ""'!"" & $B21 & "":"" & $B21), (INDIRECT(""'"" & $B$17 & ""'!"" & $B$18 & "":"" & $B$18) = L$19) * (ISNUMBER(SEARCH($B$4, INDIRECT(""'"" & $B$17 & ""'!"" & $"&"B$12 & "":"" & $B$12)))) * (INDIRECT(""'"" & $B$17 & ""'!"" & $B$13 & "":"" & $B$13) = $A$1) ) )/$D$9, 0 ) "),0.0) -> 0 | M21: =IFERROR(__xludf.DUMMYFUNCTION("IFERROR( VAR.S( FILTER( INDIRECT(""'"" & $B$17 & ""'!"" & $B21 & "":"" & $B21), (INDIRECT(""'"" & $B$17 & ""'!"" & $B$18 & "":"" & $B$18) = M$19) * (ISNUMBER(SEARCH($B$4, INDIRECT(""'"" & $B$17 & ""'!"" & $"&"B$12 & "":"" & $B$12)))) * (INDIRECT(""'"" & $B$17 & ""'!"" & $B$13 & "":"" & $B$13) = $A$1) ) )/$D$10, 0 ) "),0.0) -> 0 | N21: =IFERROR(__xludf.DUMMYFUNCTION("IFERROR( AVERAGE( FILTER( INDIRECT(""'"" & $B$17 & ""'!"" & $B21 & "":"" & $B21), (INDIRECT(""'"" & $B$17 & ""'!"" & $B$18 & "":"" & $B$18) = N$19) * (ISNUMBER(SEARCH($B$4, INDIRECT(""'"" & $B$17 & ""'!"" &"&" $B$12 & "":"" & $B$12)))) * (INDIRECT(""'"" & $B$17 & ""'!"" & $B$13 & "":"" & $B$13) = $A$1) ) ), 0 )"),0.0) -> 0 | O21: =IFERROR(__xludf.DUMMYFUNCTION("IFERROR( AVERAGE( FILTER( INDIRECT(""'"" & $B$17 & ""'!"" & $B21 & "":"" & $B21), (INDIRECT(""'"" & $B$17 & ""'!"" & $B$18 & "":"" & $B$18) = O$19) * (ISNUMBER(SEARCH($B$4, INDIRECT(""'"" & $B$17 & ""'!"" &"&" $B$12 & "":"" & $B$12)))) * (INDIRECT(""'"" & $B$17 & ""'!"" & $B$13 & "":"" & $B$13) = $A$1) ) ), 0 )"),0.0) -> 0 | P21: =IFERROR(__xludf.DUMMYFUNCTION("IFERROR( AVERAGE( FILTER( INDIRECT(""'"" & $B$17 & ""'!"" & $B21 & "":"" & $B21), (INDIRECT(""'"" & $B$17 & ""'!"" & $B$18 & "":"" & $B$18) = P$19) * (ISNUMBER(SEARCH($B$4, INDIRECT(""'"" & $B$17 & ""'!"" &"&" $B$12 & "":"" & $B$12)))) * (INDIRECT(""'"" & $B$17 & ""'!"" & $B$13 & "":"" & $B$13) = $A$1) ) ), 0 )"),0.0) -> 0 | Q21: =IFERROR(__xludf.DUMMYFUNCTION("IFERROR( AVERAGE( FILTER( INDIRECT(""'"" & $B$17 & ""'!"" & $B21 & "":"" & $B21), (INDIRECT(""'"" & $B$17 & ""'!"" & $B$18 & "":"" & $B$18) = Q$19) * (ISNUMBER(SEARCH($B$4, INDIRECT(""'"" & $B$17 & ""'!"" &"&" $B$12 & "":"" & $B$12)))) * (INDIRECT(""'"" & $B$17 & ""'!"" & $B$13 & "":"" & $B$13) = $A$1) ) ), 0 )"),0.0) -> 0 | R21: =IFERROR(__xludf.DUMMYFUNCTION("IFERROR( AVERAGE( FILTER( INDIRECT(""'"" & $B$17 & ""'!"" & $B21 & "":"" & $B21), (INDIRECT(""'"" & $B$17 & ""'!"" & $B$18 & "":"" & $B$18) = R$19) * (ISNUMBER(SEARCH($B$4, INDIRECT(""'"" & $B$17 & ""'!"" &"&" $B$12 & "":"" & $B$12)))) * (INDIRECT(""'"" & $B$17 & ""'!"" & $B$13 & "":"" & $B$13) = $A$1) ) ), 0 )"),0.0) -> 0 | S21: =($B$6^2*I21)^0.5 -> 0 | T21: =($B$7^2*J21)^0.5 -> 0 | U21: =($B$8^2*K21)^0.5 -> 0 | V21: =($B$9^2*L21)^0.5 -> 0 | W21: =($B$10^2*M21)^0.5 -> 0 | X21: =N21*$B$6 -> 0 | Y21: =O21*$B$7 -> 0 | Z21: =P21*$B$8 -> 0 | AA21: =Q21*$B$9 -> 0 | AB21: =R21*$B$10 -> 0 | AC21: =N21*$C$6 -> 0 | AD21: =O21*$C$7 -> 0 | AE21: =P21*$C$8 -> 0 | AF21: =Q21*$C$9 -> 0 | AG21: =R21*$C$10 -> 0 | AH21: =(S21*S21+T21*T21+U21*U21+V21*V21+W21*W21)^0.5 -> 0 | AI21: =AH21*$B$15 -> 0 | AJ21: =SUM(X21:AB21) -> 0 | AK21: =IF(AI21=0,0,AI21/AJ21) -> 0 | AL21: =AJ21/$B$2 -> 0
A22: Def2018 | B22: ='TNT 2015-2022'!B21 -> $AI | C22: =COUNTIFS( INDIRECT("'" & $B$17 & "'!" & $B$18 & ":" & $B$18), C$19, INDIRECT("'" & $B$17 & "'!" & $B$12 & ":" & $B$12), "*" & $B$4 & "*", INDIRECT("'" & $B$17 & "'!" & $B$13 & ":" & $B$13), $A$1, INDIRECT("'" & $B$17 & "'!" & $B$19 & ":" & $B$19), $A22 ) -> 0 | D22: =COUNTIFS( INDIRECT("'" & $B$17 & "'!" & $B$18 & ":" & $B$18), D$19, INDIRECT("'" & $B$17 & "'!" & $B$12 & ":" & $B$12), "*" & $B$4 & "*", INDIRECT("'" & $B$17 & "'!" & $B$13 & ":" & $B$13), $A$1, INDIRECT("'" & $B$17 & "'!" & $B$19 & ":" & $B$19), $A22 ) -> 0 | E22: =COUNTIFS( INDIRECT("'" & $B$17 & "'!" & $B$18 & ":" & $B$18), E$19, INDIRECT("'" & $B$17 & "'!" & $B$12 & ":" & $B$12), "*" & $B$4 & "*", INDIRECT("'" & $B$17 & "'!" & $B$13 & ":" & $B$13), $A$1, INDIRECT("'" & $B$17 & "'!" & $B$19 & ":" & $B$19), $A22 ) -> 0 | F22: =COUNTIFS( INDIRECT("'" & $B$17 & "'!" & $B$18 & ":" & $B$18), F$19, INDIRECT("'" & $B$17 & "'!" & $B$12 & ":" & $B$12), "*" & $B$4 & "*", INDIRECT("'" & $B$17 & "'!" & $B$13 & ":" & $B$13), $A$1, INDIRECT("'" & $B$17 & "'!" & $B$19 & ":" & $B$19), $A22 ) -> 0 | G22: =COUNTIFS( INDIRECT("'" & $B$17 & "'!" & $B$18 & ":" & $B$18), G$19, INDIRECT("'" & $B$17 & "'!" & $B$12 & ":" & $B$12), "*" & $B$4 & "*", INDIRECT("'" & $B$17 & "'!" & $B$13 & ":" & $B$13), $A$1, INDIRECT("'" & $B$17 & "'!" & $B$19 & ":" & $B$19), $A22 ) -> 0 | H22: =SUM(C22:G22) -> 0 | I22: =IFERROR(__xludf.DUMMYFUNCTION("IFERROR( VAR.S( FILTER( INDIRECT(""'"" & $B$17 & ""'!"" & $B22 & "":"" & $B22), (INDIRECT(""'"" & $B$17 & ""'!"" & $B$18 & "":"" & $B$18) = I$19) * (ISNUMBER(SEARCH($B$4, INDIRECT(""'"" & $B$17 & ""'!"" & $"&"B$12 & "":"" & $B$12)))) * (INDIRECT(""'"" & $B$17 & ""'!"" & $B$13 & "":"" & $B$13) = $A$1) ) )/$D$6, 0 ) "),0.0) -> 0 | J22: =IFERROR(__xludf.DUMMYFUNCTION("IFERROR( VAR.S( FILTER( INDIRECT(""'"" & $B$17 & ""'!"" & $B22 & "":"" & $B22), (INDIRECT(""'"" & $B$17 & ""'!"" & $B$18 & "":"" & $B$18) = J$19) * (ISNUMBER(SEARCH($B$4, INDIRECT(""'"" & $B$17 & ""'!"" & $"&"B$12 & "":"" & $B$12)))) * (INDIRECT(""'"" & $B$17 & ""'!"" & $B$13 & "":"" & $B$13) = $A$1) ) )/$D$7, 0 ) "),0.0) -> 0 | K22: =IFERROR(__xludf.DUMMYFUNCTION("IFERROR( VAR.S( FILTER( INDIRECT(""'"" & $B$17 & ""'!"" & $B22 & "":"" & $B22), (INDIRECT(""'"" & $B$17 & ""'!"" & $B$18 & "":"" & $B$18) = K$19) * (ISNUMBER(SEARCH($B$4, INDIRECT(""'"" & $B$17 & ""'!"" & $"&"B$12 & "":"" & $B$12)))) * (INDIRECT(""'"" & $B$17 & ""'!"" & $B$13 & "":"" & $B$13) = $A$1) ) )/$D$8, 0 ) "),0.0) -> 0 | L22: =IFERROR(__xludf.DUMMYFUNCTION("IFERROR( VAR.S( FILTER( INDIRECT(""'"" & $B$17 & ""'!"" & $B22 & "":"" & $B22), (INDIRECT(""'"" & $B$17 & ""'!"" & $B$18 & "":"" & $B$18) = L$19) * (ISNUMBER(SEARCH($B$4, INDIRECT(""'"" & $B$17 & ""'!"" & $"&"B$12 & "":"" & $B$12)))) * (INDIRECT(""'"" & $B$17 & ""'!"" & $B$13 & "":"" & $B$13) = $A$1) ) )/$D$9, 0 ) "),0.0) -> 0 | M22: =IFERROR(__xludf.DUMMYFUNCTION("IFERROR( VAR.S( FILTER( INDIRECT(""'"" & $B$17 & ""'!"" & $B22 & "":"" & $B22), (INDIRECT(""'"" & $B$17 & ""'!"" & $B$18 & "":"" & $B$18) = M$19) * (ISNUMBER(SEARCH($B$4, INDIRECT(""'"" & $B$17 & ""'!"" & $"&"B$12 & "":"" & $B$12)))) * (INDIRECT(""'"" & $B$17 & ""'!"" & $B$13 & "":"" & $B$13) = $A$1) ) )/$D$10, 0 ) "),0.0) -> 0 | N22: =IFERROR(__xludf.DUMMYFUNCTION("IFERROR( AVERAGE( FILTER( INDIRECT(""'"" & $B$17 & ""'!"" & $B22 & "":"" & $B22), (INDIRECT(""'"" & $B$17 & ""'!"" & $B$18 & "":"" & $B$18) = N$19) * (ISNUMBER(SEARCH($B$4, INDIRECT(""'"" & $B$17 & ""'!"" &"&" $B$12 & "":"" & $B$12)))) * (INDIRECT(""'"" & $B$17 & ""'!"" & $B$13 & "":"" & $B$13) = $A$1) ) ), 0 )"),0.0) -> 0 | O22: =IFERROR(__xludf.DUMMYFUNCTION("IFERROR( AVERAGE( FILTER( INDIRECT(""'"" & $B$17 & ""'!"" & $B22 & "":"" & $B22), (INDIRECT(""'"" & $B$17 & ""'!"" & $B$18 & "":"" & $B$18) = O$19) * (ISNUMBER(SEARCH($B$4, INDIRECT(""'"" & $B$17 & ""'!"" &"&" $B$12 & "":"" & $B$12)))) * (INDIRECT(""'"" & $B$17 & ""'!"" & $B$13 & "":"" & $B$13) = $A$1) ) ), 0 )"),0.0) -> 0 | P22: =IFERROR(__xludf.DUMMYFUNCTION("IFERROR( AVERAGE( FILTER( INDIRECT(""'"" & $B$17 & ""'!"" & $B22 & "":"" & $B22), (INDIRECT(""'"" & $B$17 & ""'!"" & $B$18 & "":"" & $B$18) = P$19) * (ISNUMBER(SEARCH($B$4, INDIRECT(""'"" & $B$17 & ""'!"" &"&" $B$12 & "":"" & $B$12)))) * (INDIRECT(""'"" & $B$17 & ""'!"" & $B$13 & "":"" & $B$13) = $A$1) ) ), 0 )"),0.0) -> 0 | Q22: =IFERROR(__xludf.DUMMYFUNCTION("IFERROR( AVERAGE( FILTER( INDIRECT(""'"" & $B$17 & ""'!"" & $B22 & "":"" & $B22), (INDIRECT(""'"" & $B$17 & ""'!"" & $B$18 & "":"" & $B$18) = Q$19) * (ISNUMBER(SEARCH($B$4, INDIRECT(""'"" & $B$17 & ""'!"" &"&" $B$12 & "":"" & $B$12)))) * (INDIRECT(""'"" & $B$17 & ""'!"" & $B$13 & "":"" & $B$13) = $A$1) ) ), 0 )"),0.0) -> 0 | R22: =IFERROR(__xludf.DUMMYFUNCTION("IFERROR( AVERAGE( FILTER( INDIRECT(""'"" & $B$17 & ""'!"" & $B22 & "":"" & $B22), (INDIRECT(""'"" & $B$17 & ""'!"" & $B$18 & "":"" & $B$18) = R$19) * (ISNUMBER(SEARCH($B$4, INDIRECT(""'"" & $B$17 & ""'!"" &"&" $B$12 & "":"" & $B$12)))) * (INDIRECT(""'"" & $B$17 & ""'!"" & $B$13 & "":"" & $B$13) = $A$1) ) ), 0 )"),0.0) -> 0 | S22: =($B$6^2*I22)^0.5 -> 0 | T22: =($B$7^2*J22)^0.5 -> 0 | U22: =($B$8^2*K22)^0.5 -> 0 | V22: =($B$9^2*L22)^0.5 -> 0 | W22: =($B$10^2*M22)^0.5 -> 0 | X22: =N22*$B$6 -> 0 | Y22: =O22*$B$7 -> 0 | Z22: =P22*$B$8 -> 0 | AA22: =Q22*$B$9 -> 0 | AB22: =R22*$B$10 -> 0 | AC22: =N22*$C$6 -> 0 | AD22: =O22*$C$7 -> 0 | AE22: =P22*$C$8 -> 0 | AF22: =Q22*$C$9 -> 0 | AG22: =R22*$C$10 -> 0 | AH22: =(S22*S22+T22*T22+U22*U22+V22*V22+W22*W22)^0.5 -> 0 | AI22: =AH22*$B$15 -> 0 | AJ22: =SUM(X22:AB22) -> 0 | AK22: =IF(AI22=0,0,AI22/AJ22) -> 0 | AL22: =AJ22/$B$2 -> 0
A23: Def2019 | B23: ='TNT 2015-2022'!B22 -> $AJ | C23: =COUNTIFS( INDIRECT("'" & $B$17 & "'!" & $B$18 & ":" & $B$18), C$19, INDIRECT("'" & $B$17 & "'!" & $B$12 & ":" & $B$12), "*" & $B$4 & "*", INDIRECT("'" & $B$17 & "'!" & $B$13 & ":" & $B$13), $A$1, INDIRECT("'" & $B$17 & "'!" & $B$19 & ":" & $B$19), $A23 ) -> 0 | D23: =COUNTIFS( INDIRECT("'" & $B$17 & "'!" & $B$18 & ":" & $B$18), D$19, INDIRECT("'" & $B$17 & "'!" & $B$12 & ":" & $B$12), "*" & $B$4 & "*", INDIRECT("'" & $B$17 & "'!" & $B$13 & ":" & $B$13), $A$1, INDIRECT("'" & $B$17 & "'!" & $B$19 & ":" & $B$19), $A23 ) -> 0 | E23: =COUNTIFS( INDIRECT("'" & $B$17 & "'!" & $B$18 & ":" & $B$18), E$19, INDIRECT("'" & $B$17 & "'!" & $B$12 & ":" & $B$12), "*" & $B$4 & "*", INDIRECT("'" & $B$17 & "'!" & $B$13 & ":" & $B$13), $A$1, INDIRECT("'" & $B$17 & "'!" & $B$19 & ":" & $B$19), $A23 ) -> 0 | F23: =COUNTIFS( INDIRECT("'" & $B$17 & "'!" & $B$18 & ":" & $B$18), F$19, INDIRECT("'" & $B$17 & "'!" & $B$12 & ":" & $B$12), "*" & $B$4 & "*", INDIRECT("'" & $B$17 & "'!" & $B$13 & ":" & $B$13), $A$1, INDIRECT("'" & $B$17 & "'!" & $B$19 & ":" & $B$19), $A23 ) -> 0 | G23: =COUNTIFS( INDIRECT("'" & $B$17 & "'!" & $B$18 & ":" & $B$18), G$19, INDIRECT("'" & $B$17 & "'!" & $B$12 & ":" & $B$12), "*" & $B$4 & "*", INDIRECT("'" & $B$17 & "'!" & $B$13 & ":" & $B$13), $A$1, INDIRECT("'" & $B$17 & "'!" & $B$19 & ":" & $B$19), $A23 ) -> 0 | H23: =SUM(C23:G23) -> 0 | I23: =IFERROR(__xludf.DUMMYFUNCTION("IFERROR( VAR.S( FILTER( INDIRECT(""'"" & $B$17 & ""'!"" & $B23 & "":"" & $B23), (INDIRECT(""'"" & $B$17 & ""'!"" & $B$18 & "":"" & $B$18) = I$19) * (ISNUMBER(SEARCH($B$4, INDIRECT(""'"" & $B$17 & ""'!"" & $"&"B$12 & "":"" & $B$12)))) * (INDIRECT(""'"" & $B$17 & ""'!"" & $B$13 & "":"" & $B$13) = $A$1) ) )/$D$6, 0 ) "),0.0) -> 0 | J23: =IFERROR(__xludf.DUMMYFUNCTION("IFERROR( VAR.S( FILTER( INDIRECT(""'"" & $B$17 & ""'!"" & $B23 & "":"" & $B23), (INDIRECT(""'"" & $B$17 & ""'!"" & $B$18 & "":"" & $B$18) = J$19) * (ISNUMBER(SEARCH($B$4, INDIRECT(""'"" & $B$17 & ""'!"" & $"&"B$12 & "":"" & $B$12)))) * (INDIRECT(""'"" & $B$17 & ""'!"" & $B$13 & "":"" & $B$13) = $A$1) ) )/$D$7, 0 ) "),0.0) -> 0 | K23: =IFERROR(__xludf.DUMMYFUNCTION("IFERROR( VAR.S( FILTER( INDIRECT(""'"" & $B$17 & ""'!"" & $B23 & "":"" & $B23), (INDIRECT(""'"" & $B$17 & ""'!"" & $B$18 & "":"" & $B$18) = K$19) * (ISNUMBER(SEARCH($B$4, INDIRECT(""'"" & $B$17 & ""'!"" & $"&"B$12 & "":"" & $B$12)))) * (INDIRECT(""'"" & $B$17 & ""'!"" & $B$13 & "":"" & $B$13) = $A$1) ) )/$D$8, 0 ) "),0.0) -> 0 | L23: =IFERROR(__xludf.DUMMYFUNCTION("IFERROR( VAR.S( FILTER( INDIRECT(""'"" & $B$17 & ""'!"" & $B23 & "":"" & $B23), (INDIRECT(""'"" & $B$17 & ""'!"" & $B$18 & "":"" & $B$18) = L$19) * (ISNUMBER(SEARCH($B$4, INDIRECT(""'"" & $B$17 & ""'!"" & $"&"B$12 & "":"" & $B$12)))) * (INDIRECT(""'"" & $B$17 & ""'!"" & $B$13 & "":"" & $B$13) = $A$1) ) )/$D$9, 0 ) "),0.0) -> 0 | M23: =IFERROR(__xludf.DUMMYFUNCTION("IFERROR( VAR.S( FILTER( INDIRECT(""'"" & $B$17 & ""'!"" & $B23 & "":"" & $B23), (INDIRECT(""'"" & $B$17 & ""'!"" & $B$18 & "":"" & $B$18) = M$19) * (ISNUMBER(SEARCH($B$4, INDIRECT(""'"" & $B$17 & ""'!"" & $"&"B$12 & "":"" & $B$12)))) * (INDIRECT(""'"" & $B$17 & ""'!"" & $B$13 & "":"" & $B$13) = $A$1) ) )/$D$10, 0 ) "),0.0) -> 0 | N23: =IFERROR(__xludf.DUMMYFUNCTION("IFERROR( AVERAGE( FILTER( INDIRECT(""'"" & $B$17 & ""'!"" & $B23 & "":"" & $B23), (INDIRECT(""'"" & $B$17 & ""'!"" & $B$18 & "":"" & $B$18) = N$19) * (ISNUMBER(SEARCH($B$4, INDIRECT(""'"" & $B$17 & ""'!"" &"&" $B$12 & "":"" & $B$12)))) * (INDIRECT(""'"" & $B$17 & ""'!"" & $B$13 & "":"" & $B$13) = $A$1) ) ), 0 )"),0.0) -> 0 | O23: =IFERROR(__xludf.DUMMYFUNCTION("IFERROR( AVERAGE( FILTER( INDIRECT(""'"" & $B$17 & ""'!"" & $B23 & "":"" & $B23), (INDIRECT(""'"" & $B$17 & ""'!"" & $B$18 & "":"" & $B$18) = O$19) * (ISNUMBER(SEARCH($B$4, INDIRECT(""'"" & $B$17 & ""'!"" &"&" $B$12 & "":"" & $B$12)))) * (INDIRECT(""'"" & $B$17 & ""'!"" & $B$13 & "":"" & $B$13) = $A$1) ) ), 0 )"),0.0) -> 0 | P23: =IFERROR(__xludf.DUMMYFUNCTION("IFERROR( AVERAGE( FILTER( INDIRECT(""'"" & $B$17 & ""'!"" & $B23 & "":"" & $B23), (INDIRECT(""'"" & $B$17 & ""'!"" & $B$18 & "":"" & $B$18) = P$19) * (ISNUMBER(SEARCH($B$4, INDIRECT(""'"" & $B$17 & ""'!"" &"&" $B$12 & "":"" & $B$12)))) * (INDIRECT(""'"" & $B$17 & ""'!"" & $B$13 & "":"" & $B$13) = $A$1) ) ), 0 )"),0.0) -> 0 | Q23: =IFERROR(__xludf.DUMMYFUNCTION("IFERROR( AVERAGE( FILTER( INDIRECT(""'"" & $B$17 & ""'!"" & $B23 & "":"" & $B23), (INDIRECT(""'"" & $B$17 & ""'!"" & $B$18 & "":"" & $B$18) = Q$19) * (ISNUMBER(SEARCH($B$4, INDIRECT(""'"" & $B$17 & ""'!"" &"&" $B$12 & "":"" & $B$12)))) * (INDIRECT(""'"" & $B$17 & ""'!"" & $B$13 & "":"" & $B$13) = $A$1) ) ), 0 )"),0.0) -> 0 | R23: =IFERROR(__xludf.DUMMYFUNCTION("IFERROR( AVERAGE( FILTER( INDIRECT(""'"" & $B$17 & ""'!"" & $B23 & "":"" & $B23), (INDIRECT(""'"" & $B$17 & ""'!"" & $B$18 & "":"" & $B$18) = R$19) * (ISNUMBER(SEARCH($B$4, INDIRECT(""'"" & $B$17 & ""'!"" &"&" $B$12 & "":"" & $B$12)))) * (INDIRECT(""'"" & $B$17 & ""'!"" & $B$13 & "":"" & $B$13) = $A$1) ) ), 0 )"),0.0) -> 0 | S23: =($B$6^2*I23)^0.5 -> 0 | T23: =($B$7^2*J23)^0.5 -> 0 | U23: =($B$8^2*K23)^0.5 -> 0 | V23: =($B$9^2*L23)^0.5 -> 0 | W23: =($B$10^2*M23)^0.5 -> 0 | X23: =N23*$B$6 -> 0 | Y23: =O23*$B$7 -> 0 | Z23: =P23*$B$8 -> 0 | AA23: =Q23*$B$9 -> 0 | AB23: =R23*$B$10 -> 0 | AC23: =N23*$C$6 -> 0 | AD23: =O23*$C$7 -> 0 | AE23: =P23*$C$8 -> 0 | AF23: =Q23*$C$9 -> 0 | AG23: =R23*$C$10 -> 0 | AH23: =(S23*S23+T23*T23+U23*U23+V23*V23+W23*W23)^0.5 -> 0 | AI23: =AH23*$B$15 -> 0 | AJ23: =SUM(X23:AB23) -> 0 | AK23: =IF(AI23=0,0,AI23/AJ23) -> 0 | AL23: =AJ23/$B$2 -> 0
A24: Def2020 | B24: ='TNT 2015-2022'!B23 -> $AK | C24: =COUNTIFS( INDIRECT("'" & $B$17 & "'!" & $B$18 & ":" & $B$18), C$19, INDIRECT("'" & $B$17 & "'!" & $B$12 & ":" & $B$12), "*" & $B$4 & "*", INDIRECT("'" & $B$17 & "'!" & $B$13 & ":" & $B$13), $A$1, INDIRECT("'" & $B$17 & "'!" & $B$19 & ":" & $B$19), $A24 ) -> 0 | D24: =COUNTIFS( INDIRECT("'" & $B$17 & "'!" & $B$18 & ":" & $B$18), D$19, INDIRECT("'" & $B$17 & "'!" & $B$12 & ":" & $B$12), "*" & $B$4 & "*", INDIRECT("'" & $B$17 & "'!" & $B$13 & ":" & $B$13), $A$1, INDIRECT("'" & $B$17 & "'!" & $B$19 & ":" & $B$19), $A24 ) -> 0 | E24: =COUNTIFS( INDIRECT("'" & $B$17 & "'!" & $B$18 & ":" & $B$18), E$19, INDIRECT("'" & $B$17 & "'!" & $B$12 & ":" & $B$12), "*" & $B$4 & "*", INDIRECT("'" & $B$17 & "'!" & $B$13 & ":" & $B$13), $A$1, INDIRECT("'" & $B$17 & "'!" & $B$19 & ":" & $B$19), $A24 ) -> 0 | F24: =COUNTIFS( INDIRECT("'" & $B$17 & "'!" & $B$18 & ":" & $B$18), F$19, INDIRECT("'" & $B$17 & "'!" & $B$12 & ":" & $B$12), "*" & $B$4 & "*", INDIRECT("'" & $B$17 & "'!" & $B$13 & ":" & $B$13), $A$1, INDIRECT("'" & $B$17 & "'!" & $B$19 & ":" & $B$19), $A24 ) -> 0 | G24: =COUNTIFS( INDIRECT("'" & $B$17 & "'!" & $B$18 & ":" & $B$18), G$19, INDIRECT("'" & $B$17 & "'!" & $B$12 & ":" & $B$12), "*" & $B$4 & "*", INDIRECT("'" & $B$17 & "'!" & $B$13 & ":" & $B$13), $A$1, INDIRECT("'" & $B$17 & "'!" & $B$19 & ":" & $B$19), $A24 ) -> 0 | H24: =SUM(C24:G24) -> 0 | I24: =IFERROR(__xludf.DUMMYFUNCTION("IFERROR( VAR.S( FILTER( INDIRECT(""'"" & $B$17 & ""'!"" & $B24 & "":"" & $B24), (INDIRECT(""'"" & $B$17 & ""'!"" & $B$18 & "":"" & $B$18) = I$19) * (ISNUMBER(SEARCH($B$4, INDIRECT(""'"" & $B$17 & ""'!"" & $"&"B$12 & "":"" & $B$12)))) * (INDIRECT(""'"" & $B$17 & ""'!"" & $B$13 & "":"" & $B$13) = $A$1) ) )/$D$6, 0 ) "),0.0) -> 0 | J24: =IFERROR(__xludf.DUMMYFUNCTION("IFERROR( VAR.S( FILTER( INDIRECT(""'"" & $B$17 & ""'!"" & $B24 & "":"" & $B24), (INDIRECT(""'"" & $B$17 & ""'!"" & $B$18 & "":"" & $B$18) = J$19) * (ISNUMBER(SEARCH($B$4, INDIRECT(""'"" & $B$17 & ""'!"" & $"&"B$12 & "":"" & $B$12)))) * (INDIRECT(""'"" & $B$17 & ""'!"" & $B$13 & "":"" & $B$13) = $A$1) ) )/$D$7, 0 ) "),0.0) -> 0 | K24: =IFERROR(__xludf.DUMMYFUNCTION("IFERROR( VAR.S( FILTER( INDIRECT(""'"" & $B$17 & ""'!"" & $B24 & "":"" & $B24), (INDIRECT(""'"" & $B$17 & ""'!"" & $B$18 & "":"" & $B$18) = K$19) * (ISNUMBER(SEARCH($B$4, INDIRECT(""'"" & $B$17 & ""'!"" & $"&"B$12 & "":"" & $B$12)))) * (INDIRECT(""'"" & $B$17 & ""'!"" & $B$13 & "":"" & $B$13) = $A$1) ) )/$D$8, 0 ) "),0.0) -> 0 | L24: =IFERROR(__xludf.DUMMYFUNCTION("IFERROR( VAR.S( FILTER( INDIRECT(""'"" & $B$17 & ""'!"" & $B24 & "":"" & $B24), (INDIRECT(""'"" & $B$17 & ""'!"" & $B$18 & "":"" & $B$18) = L$19) * (ISNUMBER(SEARCH($B$4, INDIRECT(""'"" & $B$17 & ""'!"" & $"&"B$12 & "":"" & $B$12)))) * (INDIRECT(""'"" & $B$17 & ""'!"" & $B$13 & "":"" & $B$13) = $A$1) ) )/$D$9, 0 ) "),0.0) -> 0 | M24: =IFERROR(__xludf.DUMMYFUNCTION("IFERROR( VAR.S( FILTER( INDIRECT(""'"" & $B$17 & ""'!"" & $B24 & "":"" & $B24), (INDIRECT(""'"" & $B$17 & ""'!"" & $B$18 & "":"" & $B$18) = M$19) * (ISNUMBER(SEARCH($B$4, INDIRECT(""'"" & $B$17 & ""'!"" & $"&"B$12 & "":"" & $B$12)))) * (INDIRECT(""'"" & $B$17 & ""'!"" & $B$13 & "":"" & $B$13) = $A$1) ) )/$D$10, 0 ) "),0.0) -> 0 | N24: =IFERROR(__xludf.DUMMYFUNCTION("IFERROR( AVERAGE( FILTER( INDIRECT(""'"" & $B$17 & ""'!"" & $B24 & "":"" & $B24), (INDIRECT(""'"" & $B$17 & ""'!"" & $B$18 & "":"" & $B$18) = N$19) * (ISNUMBER(SEARCH($B$4, INDIRECT(""'"" & $B$17 & ""'!"" &"&" $B$12 & "":"" & $B$12)))) * (INDIRECT(""'"" & $B$17 & ""'!"" & $B$13 & "":"" & $B$13) = $A$1) ) ), 0 )"),0.0) -> 0 | O24: =IFERROR(__xludf.DUMMYFUNCTION("IFERROR( AVERAGE( FILTER( INDIRECT(""'"" & $B$17 & ""'!"" & $B24 & "":"" & $B24), (INDIRECT(""'"" & $B$17 & ""'!"" & $B$18 & "":"" & $B$18) = O$19) * (ISNUMBER(SEARCH($B$4, INDIRECT(""'"" & $B$17 & ""'!"" &"&" $B$12 & "":"" & $B$12)))) * (INDIRECT(""'"" & $B$17 & ""'!"" & $B$13 & "":"" & $B$13) = $A$1) ) ), 0 )"),0.0) -> 0 | P24: =IFERROR(__xludf.DUMMYFUNCTION("IFERROR( AVERAGE( FILTER( INDIRECT(""'"" & $B$17 & ""'!"" & $B24 & "":"" & $B24), (INDIRECT(""'"" & $B$17 & ""'!"" & $B$18 & "":"" & $B$18) = P$19) * (ISNUMBER(SEARCH($B$4, INDIRECT(""'"" & $B$17 & ""'!"" &"&" $B$12 & "":"" & $B$12)))) * (INDIRECT(""'"" & $B$17 & ""'!"" & $B$13 & "":"" & $B$13) = $A$1) ) ), 0 )"),0.0) -> 0 | Q24: =IFERROR(__xludf.DUMMYFUNCTION("IFERROR( AVERAGE( FILTER( INDIRECT(""'"" & $B$17 & ""'!"" & $B24 & "":"" & $B24), (INDIRECT(""'"" & $B$17 & ""'!"" & $B$18 & "":"" & $B$18) = Q$19) * (ISNUMBER(SEARCH($B$4, INDIRECT(""'"" & $B$17 & ""'!"" &"&" $B$12 & "":"" & $B$12)))) * (INDIRECT(""'"" & $B$17 & ""'!"" & $B$13 & "":"" & $B$13) = $A$1) ) ), 0 )"),0.0) -> 0 | R24: =IFERROR(__xludf.DUMMYFUNCTION("IFERROR( AVERAGE( FILTER( INDIRECT(""'"" & $B$17 & ""'!"" & $B24 & "":"" & $B24), (INDIRECT(""'"" & $B$17 & ""'!"" & $B$18 & "":"" & $B$18) = R$19) * (ISNUMBER(SEARCH($B$4, INDIRECT(""'"" & $B$17 & ""'!"" &"&" $B$12 & "":"" & $B$12)))) * (INDIRECT(""'"" & $B$17 & ""'!"" & $B$13 & "":"" & $B$13) = $A$1) ) ), 0 )"),0.0) -> 0 | S24: =($B$6^2*I24)^0.5 -> 0 | T24: =($B$7^2*J24)^0.5 -> 0 | U24: =($B$8^2*K24)^0.5 -> 0 | V24: =($B$9^2*L24)^0.5 -> 0 | W24: =($B$10^2*M24)^0.5 -> 0 | X24: =N24*$B$6 -> 0 | Y24: =O24*$B$7 -> 0 | Z24: =P24*$B$8 -> 0 | AA24: =Q24*$B$9 -> 0 | AB24: =R24*$B$10 -> 0 | AC24: =N24*$C$6 -> 0 | AD24: =O24*$C$7 -> 0 | AE24: =P24*$C$8 -> 0 | AF24: =Q24*$C$9 -> 0 | AG24: =R24*$C$10 -> 0 | AH24: =(S24*S24+T24*T24+U24*U24+V24*V24+W24*W24)^0.5 -> 0 | AI24: =AH24*$B$15 -> 0 | AJ24: =SUM(X24:AB24) -> 0 | AK24: =IF(AI24=0,0,AI24/AJ24) -> 0 | AL24: =AJ24/$B$2 -> 0
A25: Def2021 | B25: ='TNT 2015-2022'!B24 -> $AL | C25: =COUNTIFS( INDIRECT("'" & $B$17 & "'!" & $B$18 & ":" & $B$18), C$19, INDIRECT("'" & $B$17 & "'!" & $B$12 & ":" & $B$12), "*" & $B$4 & "*", INDIRECT("'" & $B$17 & "'!" & $B$13 & ":" & $B$13), $A$1, INDIRECT("'" & $B$17 & "'!" & $B$19 & ":" & $B$19), $A25 ) -> 0 | D25: =COUNTIFS( INDIRECT("'" & $B$17 & "'!" & $B$18 & ":" & $B$18), D$19, INDIRECT("'" & $B$17 & "'!" & $B$12 & ":" & $B$12), "*" & $B$4 & "*", INDIRECT("'" & $B$17 & "'!" & $B$13 & ":" & $B$13), $A$1, INDIRECT("'" & $B$17 & "'!" & $B$19 & ":" & $B$19), $A25 ) -> 0 | E25: =COUNTIFS( INDIRECT("'" & $B$17 & "'!" & $B$18 & ":" & $B$18), E$19, INDIRECT("'" & $B$17 & "'!" & $B$12 & ":" & $B$12), "*" & $B$4 & "*", INDIRECT("'" & $B$17 & "'!" & $B$13 & ":" & $B$13), $A$1, INDIRECT("'" & $B$17 & "'!" & $B$19 & ":" & $B$19), $A25 ) -> 0 | F25: =COUNTIFS( INDIRECT("'" & $B$17 & "'!" & $B$18 & ":" & $B$18), F$19, INDIRECT("'" & $B$17 & "'!" & $B$12 & ":" & $B$12), "*" & $B$4 & "*", INDIRECT("'" & $B$17 & "'!" & $B$13 & ":" & $B$13), $A$1, INDIRECT("'" & $B$17 & "'!" & $B$19 & ":" & $B$19), $A25 ) -> 0 | G25: =COUNTIFS( INDIRECT("'" & $B$17 & "'!" & $B$18 & ":" & $B$18), G$19, INDIRECT("'" & $B$17 & "'!" & $B$12 & ":" & $B$12), "*" & $B$4 & "*", INDIRECT("'" & $B$17 & "'!" & $B$13 & ":" & $B$13), $A$1, INDIRECT("'" & $B$17 & "'!" & $B$19 & ":" & $B$19), $A25 ) -> 0 | H25: =SUM(C25:G25) -> 0 | I25: =IFERROR(__xludf.DUMMYFUNCTION("IFERROR( VAR.S( FILTER( INDIRECT(""'"" & $B$17 & ""'!"" & $B25 & "":"" & $B25), (INDIRECT(""'"" & $B$17 & ""'!"" & $B$18 & "":"" & $B$18) = I$19) * (ISNUMBER(SEARCH($B$4, INDIRECT(""'"" & $B$17 & ""'!"" & $"&"B$12 & "":"" & $B$12)))) * (INDIRECT(""'"" & $B$17 & ""'!"" & $B$13 & "":"" & $B$13) = $A$1) ) )/$D$6, 0 ) "),0.0) -> 0 | J25: =IFERROR(__xludf.DUMMYFUNCTION("IFERROR( VAR.S( FILTER( INDIRECT(""'"" & $B$17 & ""'!"" & $B25 & "":"" & $B25), (INDIRECT(""'"" & $B$17 & ""'!"" & $B$18 & "":"" & $B$18) = J$19) * (ISNUMBER(SEARCH($B$4, INDIRECT(""'"" & $B$17 & ""'!"" & $"&"B$12 & "":"" & $B$12)))) * (INDIRECT(""'"" & $B$17 & ""'!"" & $B$13 & "":"" & $B$13) = $A$1) ) )/$D$7, 0 ) "),0.0) -> 0 | K25: =IFERROR(__xludf.DUMMYFUNCTION("IFERROR( VAR.S( FILTER( INDIRECT(""'"" & $B$17 & ""'!"" & $B25 & "":"" & $B25), (INDIRECT(""'"" & $B$17 & ""'!"" & $B$18 & "":"" & $B$18) = K$19) * (ISNUMBER(SEARCH($B$4, INDIRECT(""'"" & $B$17 & ""'!"" & $"&"B$12 & "":"" & $B$12)))) * (INDIRECT(""'"" & $B$17 & ""'!"" & $B$13 & "":"" & $B$13) = $A$1) ) )/$D$8, 0 ) "),0.0) -> 0 | L25: =IFERROR(__xludf.DUMMYFUNCTION("IFERROR( VAR.S( FILTER( INDIRECT(""'"" & $B$17 & ""'!"" & $B25 & "":"" & $B25), (INDIRECT(""'"" & $B$17 & ""'!"" & $B$18 & "":"" & $B$18) = L$19) * (ISNUMBER(SEARCH($B$4, INDIRECT(""'"" & $B$17 & ""'!"" & $"&"B$12 & "":"" & $B$12)))) * (INDIRECT(""'"" & $B$17 & ""'!"" & $B$13 & "":"" & $B$13) = $A$1) ) )/$D$9, 0 ) "),0.0) -> 0 | M25: =IFERROR(__xludf.DUMMYFUNCTION("IFERROR( VAR.S( FILTER( INDIRECT(""'"" & $B$17 & ""'!"" & $B25 & "":"" & $B25), (INDIRECT(""'"" & $B$17 & ""'!"" & $B$18 & "":"" & $B$18) = M$19) * (ISNUMBER(SEARCH($B$4, INDIRECT(""'"" & $B$17 & ""'!"" & $"&"B$12 & "":"" & $B$12)))) * (INDIRECT(""'"" & $B$17 & ""'!"" & $B$13 & "":"" & $B$13) = $A$1) ) )/$D$10, 0 ) "),0.0) -> 0 | N25: =IFERROR(__xludf.DUMMYFUNCTION("IFERROR( AVERAGE( FILTER( INDIRECT(""'"" & $B$17 & ""'!"" & $B25 & "":"" & $B25), (INDIRECT(""'"" & $B$17 & ""'!"" & $B$18 & "":"" & $B$18) = N$19) * (ISNUMBER(SEARCH($B$4, INDIRECT(""'"" & $B$17 & ""'!"" &"&" $B$12 & "":"" & $B$12)))) * (INDIRECT(""'"" & $B$17 & ""'!"" & $B$13 & "":"" & $B$13) = $A$1) ) ), 0 )"),0.0) -> 0 | O25: =IFERROR(__xludf.DUMMYFUNCTION("IFERROR( AVERAGE( FILTER( INDIRECT(""'"" & $B$17 & ""'!"" & $B25 & "":"" & $B25), (INDIRECT(""'"" & $B$17 & ""'!"" & $B$18 & "":"" & $B$18) = O$19) * (ISNUMBER(SEARCH($B$4, INDIRECT(""'"" & $B$17 & ""'!"" &"&" $B$12 & "":"" & $B$12)))) * (INDIRECT(""'"" & $B$17 & ""'!"" & $B$13 & "":"" & $B$13) = $A$1) ) ), 0 )"),0.0) -> 0 | P25: =IFERROR(__xludf.DUMMYFUNCTION("IFERROR( AVERAGE( FILTER( INDIRECT(""'"" & $B$17 & ""'!"" & $B25 & "":"" & $B25), (INDIRECT(""'"" & $B$17 & ""'!"" & $B$18 & "":"" & $B$18) = P$19) * (ISNUMBER(SEARCH($B$4, INDIRECT(""'"" & $B$17 & ""'!"" &"&" $B$12 & "":"" & $B$12)))) * (INDIRECT(""'"" & $B$17 & ""'!"" & $B$13 & "":"" & $B$13) = $A$1) ) ), 0 )"),0.0) -> 0 | Q25: =IFERROR(__xludf.DUMMYFUNCTION("IFERROR( AVERAGE( FILTER( INDIRECT(""'"" & $B$17 & ""'!"" & $B25 & "":"" & $B25), (INDIRECT(""'"" & $B$17 & ""'!"" & $B$18 & "":"" & $B$18) = Q$19) * (ISNUMBER(SEARCH($B$4, INDIRECT(""'"" & $B$17 & ""'!"" &"&" $B$12 & "":"" & $B$12)))) * (INDIRECT(""'"" & $B$17 & ""'!"" & $B$13 & "":"" & $B$13) = $A$1) ) ), 0 )"),0.0) -> 0 | R25: =IFERROR(__xludf.DUMMYFUNCTION("IFERROR( AVERAGE( FILTER( INDIRECT(""'"" & $B$17 & ""'!"" & $B25 & "":"" & $B25), (INDIRECT(""'"" & $B$17 & ""'!"" & $B$18 & "":"" & $B$18) = R$19) * (ISNUMBER(SEARCH($B$4, INDIRECT(""'"" & $B$17 & ""'!"" &"&" $B$12 & "":"" & $B$12)))) * (INDIRECT(""'"" & $B$17 & ""'!"" & $B$13 & "":"" & $B$13) = $A$1) ) ), 0 )"),0.0) -> 0 | S25: =($B$6^2*I25)^0.5 -> 0 | T25: =($B$7^2*J25)^0.5 -> 0 | U25: =($B$8^2*K25)^0.5 -> 0 | V25: =($B$9^2*L25)^0.5 -> 0 | W25: =($B$10^2*M25)^0.5 -> 0 | X25: =N25*$B$6 -> 0 | Y25: =O25*$B$7 -> 0 | Z25: =P25*$B$8 -> 0 | AA25: =Q25*$B$9 -> 0 | AB25: =R25*$B$10 -> 0 | AC25: =N25*$C$6 -> 0 | AD25: =O25*$C$7 -> 0 | AE25: =P25*$C$8 -> 0 | AF25: =Q25*$C$9 -> 0 | AG25: =R25*$C$10 -> 0 | AH25: =(S25*S25+T25*T25+U25*U25+V25*V25+W25*W25)^0.5 -> 0 | AI25: =AH25*$B$15 -> 0 | AJ25: =SUM(X25:AB25) -> 0 | AK25: =IF(AI25=0,0,AI25/AJ25) -> 0 | AL25: =AJ25/$B$2 -> 0
A26: Def2022 | B26: ='TNT 2015-2022'!B25 -> $AM | C26: =COUNTIFS( INDIRECT("'" & $B$17 & "'!" & $B$18 & ":" & $B$18), C$19, INDIRECT("'" & $B$17 & "'!" & $B$12 & ":" & $B$12), "*" & $B$4 & "*", INDIRECT("'" & $B$17 & "'!" & $B$13 & ":" & $B$13), $A$1, INDIRECT("'" & $B$17 & "'!" & $B$19 & ":" & $B$19), $A26 ) -> 0 | D26: =COUNTIFS( INDIRECT("'" & $B$17 & "'!" & $B$18 & ":" & $B$18), D$19, INDIRECT("'" & $B$17 & "'!" & $B$12 & ":" & $B$12), "*" & $B$4 & "*", INDIRECT("'" & $B$17 & "'!" & $B$13 & ":" & $B$13), $A$1, INDIRECT("'" & $B$17 & "'!" & $B$19 & ":" & $B$19), $A26 ) -> 0 | E26: =COUNTIFS( INDIRECT("'" & $B$17 & "'!" & $B$18 & ":" & $B$18), E$19, INDIRECT("'" & $B$17 & "'!" & $B$12 & ":" & $B$12), "*" & $B$4 & "*", INDIRECT("'" & $B$17 & "'!" & $B$13 & ":" & $B$13), $A$1, INDIRECT("'" & $B$17 & "'!" & $B$19 & ":" & $B$19), $A26 ) -> 0 | F26: =COUNTIFS( INDIRECT("'" & $B$17 & "'!" & $B$18 & ":" & $B$18), F$19, INDIRECT("'" & $B$17 & "'!" & $B$12 & ":" & $B$12), "*" & $B$4 & "*", INDIRECT("'" & $B$17 & "'!" & $B$13 & ":" & $B$13), $A$1, INDIRECT("'" & $B$17 & "'!" & $B$19 & ":" & $B$19), $A26 ) -> 0 | G26: =COUNTIFS( INDIRECT("'" & $B$17 & "'!" & $B$18 & ":" & $B$18), G$19, INDIRECT("'" & $B$17 & "'!" & $B$12 & ":" & $B$12), "*" & $B$4 & "*", INDIRECT("'" & $B$17 & "'!" & $B$13 & ":" & $B$13), $A$1, INDIRECT("'" & $B$17 & "'!" & $B$19 & ":" & $B$19), $A26 ) -> 0 | H26: =SUM(C26:G26) -> 0 | I26: =IFERROR(__xludf.DUMMYFUNCTION("IFERROR( VAR.S( FILTER( INDIRECT(""'"" & $B$17 & ""'!"" & $B26 & "":"" & $B26), (INDIRECT(""'"" & $B$17 & ""'!"" & $B$18 & "":"" & $B$18) = I$19) * (ISNUMBER(SEARCH($B$4, INDIRECT(""'"" & $B$17 & ""'!"" & $"&"B$12 & "":"" & $B$12)))) * (INDIRECT(""'"" & $B$17 & ""'!"" & $B$13 & "":"" & $B$13) = $A$1) ) )/$D$6, 0 ) "),0.0) -> 0 | J26: =IFERROR(__xludf.DUMMYFUNCTION("IFERROR( VAR.S( FILTER( INDIRECT(""'"" & $B$17 & ""'!"" & $B26 & "":"" & $B26), (INDIRECT(""'"" & $B$17 & ""'!"" & $B$18 & "":"" & $B$18) = J$19) * (ISNUMBER(SEARCH($B$4, INDIRECT(""'"" & $B$17 & ""'!"" & $"&"B$12 & "":"" & $B$12)))) * (INDIRECT(""'"" & $B$17 & ""'!"" & $B$13 & "":"" & $B$13) = $A$1) ) )/$D$7, 0 ) "),0.0) -> 0 | K26: =IFERROR(__xludf.DUMMYFUNCTION("IFERROR( VAR.S( FILTER( INDIRECT(""'"" & $B$17 & ""'!"" & $B26 & "":"" & $B26), (INDIRECT(""'"" & $B$17 & ""'!"" & $B$18 & "":"" & $B$18) = K$19) * (ISNUMBER(SEARCH($B$4, INDIRECT(""'"" & $B$17 & ""'!"" & $"&"B$12 & "":"" & $B$12)))) * (INDIRECT(""'"" & $B$17 & ""'!"" & $B$13 & "":"" & $B$13) = $A$1) ) )/$D$8, 0 ) "),0.0) -> 0 | L26: =IFERROR(__xludf.DUMMYFUNCTION("IFERROR( VAR.S( FILTER( INDIRECT(""'"" & $B$17 & ""'!"" & $B26 & "":"" & $B26), (INDIRECT(""'"" & $B$17 & ""'!"" & $B$18 & "":"" & $B$18) = L$19) * (ISNUMBER(SEARCH($B$4, INDIRECT(""'"" & $B$17 & ""'!"" & $"&"B$12 & "":"" & $B$12)))) * (INDIRECT(""'"" & $B$17 & ""'!"" & $B$13 & "":"" & $B$13) = $A$1) ) )/$D$9, 0 ) "),0.0) -> 0 | M26: =IFERROR(__xludf.DUMMYFUNCTION("IFERROR( VAR.S( FILTER( INDIRECT(""'"" & $B$17 & ""'!"" & $B26 & "":"" & $B26), (INDIRECT(""'"" & $B$17 & ""'!"" & $B$18 & "":"" & $B$18) = M$19) * (ISNUMBER(SEARCH($B$4, INDIRECT(""'"" & $B$17 & ""'!"" & $"&"B$12 & "":"" & $B$12)))) * (INDIRECT(""'"" & $B$17 & ""'!"" & $B$13 & "":"" & $B$13) = $A$1) ) )/$D$10, 0 ) "),0.0) -> 0 | N26: =IFERROR(__xludf.DUMMYFUNCTION("IFERROR( AVERAGE( FILTER( INDIRECT(""'"" & $B$17 & ""'!"" & $B26 & "":"" & $B26), (INDIRECT(""'"" & $B$17 & ""'!"" & $B$18 & "":"" & $B$18) = N$19) * (ISNUMBER(SEARCH($B$4, INDIRECT(""'"" & $B$17 & ""'!"" &"&" $B$12 & "":"" & $B$12)))) * (INDIRECT(""'"" & $B$17 & ""'!"" & $B$13 & "":"" & $B$13) = $A$1) ) ), 0 )"),0.0) -> 0 | O26: =IFERROR(__xludf.DUMMYFUNCTION("IFERROR( AVERAGE( FILTER( INDIRECT(""'"" & $B$17 & ""'!"" & $B26 & "":"" & $B26), (INDIRECT(""'"" & $B$17 & ""'!"" & $B$18 & "":"" & $B$18) = O$19) * (ISNUMBER(SEARCH($B$4, INDIRECT(""'"" & $B$17 & ""'!"" &"&" $B$12 & "":"" & $B$12)))) * (INDIRECT(""'"" & $B$17 & ""'!"" & $B$13 & "":"" & $B$13) = $A$1) ) ), 0 )"),0.0) -> 0 | P26: =IFERROR(__xludf.DUMMYFUNCTION("IFERROR( AVERAGE( FILTER( INDIRECT(""'"" & $B$17 & ""'!"" & $B26 & "":"" & $B26), (INDIRECT(""'"" & $B$17 & ""'!"" & $B$18 & "":"" & $B$18) = P$19) * (ISNUMBER(SEARCH($B$4, INDIRECT(""'"" & $B$17 & ""'!"" &"&" $B$12 & "":"" & $B$12)))) * (INDIRECT(""'"" & $B$17 & ""'!"" & $B$13 & "":"" & $B$13) = $A$1) ) ), 0 )"),0.0) -> 0 | Q26: =IFERROR(__xludf.DUMMYFUNCTION("IFERROR( AVERAGE( FILTER( INDIRECT(""'"" & $B$17 & ""'!"" & $B26 & "":"" & $B26), (INDIRECT(""'"" & $B$17 & ""'!"" & $B$18 & "":"" & $B$18) = Q$19) * (ISNUMBER(SEARCH($B$4, INDIRECT(""'"" & $B$17 & ""'!"" &"&" $B$12 & "":"" & $B$12)))) * (INDIRECT(""'"" & $B$17 & ""'!"" & $B$13 & "":"" & $B$13) = $A$1) ) ), 0 )"),0.0) -> 0 | R26: =IFERROR(__xludf.DUMMYFUNCTION("IFERROR( AVERAGE( FILTER( INDIRECT(""'"" & $B$17 & ""'!"" & $B26 & "":"" & $B26), (INDIRECT(""'"" & $B$17 & ""'!"" & $B$18 & "":"" & $B$18) = R$19) * (ISNUMBER(SEARCH($B$4, INDIRECT(""'"" & $B$17 & ""'!"" &"&" $B$12 & "":"" & $B$12)))) * (INDIRECT(""'"" & $B$17 & ""'!"" & $B$13 & "":"" & $B$13) = $A$1) ) ), 0 )"),0.0) -> 0 | S26: =($B$6^2*I26)^0.5 -> 0 | T26: =($B$7^2*J26)^0.5 -> 0 | U26: =($B$8^2*K26)^0.5 -> 0 | V26: =($B$9^2*L26)^0.5 -> 0 | W26: =($B$10^2*M26)^0.5 -> 0 | X26: =N26*$B$6 -> 0 | Y26: =O26*$B$7 -> 0 | Z26: =P26*$B$8 -> 0 | AA26: =Q26*$B$9 -> 0 | AB26: =R26*$B$10 -> 0 | AC26: =N26*$C$6 -> 0 | AD26: =O26*$C$7 -> 0 | AE26: =P26*$C$8 -> 0 | AF26: =Q26*$C$9 -> 0 | AG26: =R26*$C$10 -> 0 | AH26: =(S26*S26+T26*T26+U26*U26+V26*V26+W26*W26)^0.5 -> 0 | AI26: =AH26*$B$15 -> 0 | AJ26: =SUM(X26:AB26) -> 0 | AK26: =IF(AI26=0,0,AI26/AJ26) -> 0 | AL26: =AJ26/$B$2 -> 0
H27: =SUM(H20:H26) -> 0 | AJ27: =SUM(AJ20:AJ26) -> 0
A28: Deg2016 | B28: ='TNT 2015-2022'!B27 -> $AN | C28: =COUNTIFS( INDIRECT("'" & $B$17 & "'!" & $B$18 & ":" & $B$18), C$19, INDIRECT("'" & $B$17 & "'!" & $B$12 & ":" & $B$12), "*" & $B$4 & "*", INDIRECT("'" & $B$17 & "'!" & $B$13 & ":" & $B$13), $A$1, INDIRECT("'" & $B$17 & "'!" & $B$19 & ":" & $B$19), $A28 ) -> 0 | D28: =COUNTIFS( INDIRECT("'" & $B$17 & "'!" & $B$18 & ":" & $B$18), D$19, INDIRECT("'" & $B$17 & "'!" & $B$12 & ":" & $B$12), "*" & $B$4 & "*", INDIRECT("'" & $B$17 & "'!" & $B$13 & ":" & $B$13), $A$1, INDIRECT("'" & $B$17 & "'!" & $B$19 & ":" & $B$19), $A28 ) -> 0 | E28: =COUNTIFS( INDIRECT("'" & $B$17 & "'!" & $B$18 & ":" & $B$18), E$19, INDIRECT("'" & $B$17 & "'!" & $B$12 & ":" & $B$12), "*" & $B$4 & "*", INDIRECT("'" & $B$17 & "'!" & $B$13 & ":" & $B$13), $A$1, INDIRECT("'" & $B$17 & "'!" & $B$19 & ":" & $B$19), $A28 ) -> 0 | F28: =COUNTIFS( INDIRECT("'" & $B$17 & "'!" & $B$18 & ":" & $B$18), F$19, INDIRECT("'" & $B$17 & "'!" & $B$12 & ":" & $B$12), "*" & $B$4 & "*", INDIRECT("'" & $B$17 & "'!" & $B$13 & ":" & $B$13), $A$1, INDIRECT("'" & $B$17 & "'!" & $B$19 & ":" & $B$19), $A28 ) -> 0 | G28: =COUNTIFS( INDIRECT("'" & $B$17 & "'!" & $B$18 & ":" & $B$18), G$19, INDIRECT("'" & $B$17 & "'!" & $B$12 & ":" & $B$12), "*" & $B$4 & "*", INDIRECT("'" & $B$17 & "'!" & $B$13 & ":" & $B$13), $A$1, INDIRECT("'" & $B$17 & "'!" & $B$19 & ":" & $B$19), $A28 ) -> 0 | H28: =SUM(C28:G28) -> 0 | I28: =IFERROR(__xludf.DUMMYFUNCTION("IFERROR( VAR.S( FILTER( INDIRECT(""'"" & $B$17 & ""'!"" & $B28 & "":"" & $B28), (INDIRECT(""'"" & $B$17 & ""'!"" & $B$18 & "":"" & $B$18) = I$19) * (ISNUMBER(SEARCH($B$4, INDIRECT(""'"" & $B$17 & ""'!"" & $"&"B$12 & "":"" & $B$12)))) * (INDIRECT(""'"" & $B$17 & ""'!"" & $B$13 & "":"" & $B$13) = $A$1) ) )/$D$6, 0 ) "),0.0) -> 0 | J28: =IFERROR(__xludf.DUMMYFUNCTION("IFERROR( VAR.S( FILTER( INDIRECT(""'"" & $B$17 & ""'!"" & $B28 & "":"" & $B28), (INDIRECT(""'"" & $B$17 & ""'!"" & $B$18 & "":"" & $B$18) = J$19) * (ISNUMBER(SEARCH($B$4, INDIRECT(""'"" & $B$17 & ""'!"" & $"&"B$12 & "":"" & $B$12)))) * (INDIRECT(""'"" & $B$17 & ""'!"" & $B$13 & "":"" & $B$13) = $A$1) ) )/$D$7, 0 ) "),0.0) -> 0 | K28: =IFERROR(__xludf.DUMMYFUNCTION("IFERROR( VAR.S( FILTER( INDIRECT(""'"" & $B$17 & ""'!"" & $B28 & "":"" & $B28), (INDIRECT(""'"" & $B$17 & ""'!"" & $B$18 & "":"" & $B$18) = K$19) * (ISNUMBER(SEARCH($B$4, INDIRECT(""'"" & $B$17 & ""'!"" & $"&"B$12 & "":"" & $B$12)))) * (INDIRECT(""'"" & $B$17 & ""'!"" & $B$13 & "":"" & $B$13) = $A$1) ) )/$D$8, 0 ) "),0.0) -> 0 | L28: =IFERROR(__xludf.DUMMYFUNCTION("IFERROR( VAR.S( FILTER( INDIRECT(""'"" & $B$17 & ""'!"" & $B28 & "":"" & $B28), (INDIRECT(""'"" & $B$17 & ""'!"" & $B$18 & "":"" & $B$18) = L$19) * (ISNUMBER(SEARCH($B$4, INDIRECT(""'"" & $B$17 & ""'!"" & $"&"B$12 & "":"" & $B$12)))) * (INDIRECT(""'"" & $B$17 & ""'!"" & $B$13 & "":"" & $B$13) = $A$1) ) )/$D$9, 0 ) "),0.0) -> 0 | M28: =IFERROR(__xludf.DUMMYFUNCTION("IFERROR( VAR.S( FILTER( INDIRECT(""'"" & $B$17 & ""'!"" & $B28 & "":"" & $B28), (INDIRECT(""'"" & $B$17 & ""'!"" & $B$18 & "":"" & $B$18) = M$19) * (ISNUMBER(SEARCH($B$4, INDIRECT(""'"" & $B$17 & ""'!"" & $"&"B$12 & "":"" & $B$12)))) * (INDIRECT(""'"" & $B$17 & ""'!"" & $B$13 & "":"" & $B$13) = $A$1) ) )/$D$10, 0 ) "),0.0) -> 0 | N28: =IFERROR(__xludf.DUMMYFUNCTION("IFERROR( AVERAGE( FILTER( INDIRECT(""'"" & $B$17 & ""'!"" & $B28 & "":"" & $B28), (INDIRECT(""'"" & $B$17 & ""'!"" & $B$18 & "":"" & $B$18) = N$19) * (ISNUMBER(SEARCH($B$4, INDIRECT(""'"" & $B$17 & ""'!"" &"&" $B$12 & "":"" & $B$12)))) * (INDIRECT(""'"" & $B$17 & ""'!"" & $B$13 & "":"" & $B$13) = $A$1) ) ), 0 )"),0.0) -> 0 | O28: =IFERROR(__xludf.DUMMYFUNCTION("IFERROR( AVERAGE( FILTER( INDIRECT(""'"" & $B$17 & ""'!"" & $B28 & "":"" & $B28), (INDIRECT(""'"" & $B$17 & ""'!"" & $B$18 & "":"" & $B$18) = O$19) * (ISNUMBER(SEARCH($B$4, INDIRECT(""'"" & $B$17 & ""'!"" &"&" $B$12 & "":"" & $B$12)))) * (INDIRECT(""'"" & $B$17 & ""'!"" & $B$13 & "":"" & $B$13) = $A$1) ) ), 0 )"),0.0) -> 0 | P28: =IFERROR(__xludf.DUMMYFUNCTION("IFERROR( AVERAGE( FILTER( INDIRECT(""'"" & $B$17 & ""'!"" & $B28 & "":"" & $B28), (INDIRECT(""'"" & $B$17 & ""'!"" & $B$18 & "":"" & $B$18) = P$19) * (ISNUMBER(SEARCH($B$4, INDIRECT(""'"" & $B$17 & ""'!"" &"&" $B$12 & "":"" & $B$12)))) * (INDIRECT(""'"" & $B$17 & ""'!"" & $B$13 & "":"" & $B$13) = $A$1) ) ), 0 )"),0.0) -> 0 | Q28: =IFERROR(__xludf.DUMMYFUNCTION("IFERROR( AVERAGE( FILTER( INDIRECT(""'"" & $B$17 & ""'!"" & $B28 & "":"" & $B28), (INDIRECT(""'"" & $B$17 & ""'!"" & $B$18 & "":"" & $B$18) = Q$19) * (ISNUMBER(SEARCH($B$4, INDIRECT(""'"" & $B$17 & ""'!"" &"&" $B$12 & "":"" & $B$12)))) * (INDIRECT(""'"" & $B$17 & ""'!"" & $B$13 & "":"" & $B$13) = $A$1) ) ), 0 )"),0.0) -> 0 | R28: =IFERROR(__xludf.DUMMYFUNCTION("IFERROR( AVERAGE( FILTER( INDIRECT(""'"" & $B$17 & ""'!"" & $B28 & "":"" & $B28), (INDIRECT(""'"" & $B$17 & ""'!"" & $B$18 & "":"" & $B$18) = R$19) * (ISNUMBER(SEARCH($B$4, INDIRECT(""'"" & $B$17 & ""'!"" &"&" $B$12 & "":"" & $B$12)))) * (INDIRECT(""'"" & $B$17 & ""'!"" & $B$13 & "":"" & $B$13) = $A$1) ) ), 0 )"),0.0) -> 0 | S28: =($B$6^2*I28)^0.5 -> 0 | T28: =($B$7^2*J28)^0.5 -> 0 | U28: =($B$8^2*K28)^0.5 -> 0 | V28: =($B$9^2*L28)^0.5 -> 0 | W28: =($B$10^2*M28)^0.5 -> 0 | X28: =N28*$B$6 -> 0 | Y28: =O28*$B$7 -> 0 | Z28: =P28*$B$8 -> 0 | AA28: =Q28*$B$9 -> 0 | AB28: =R28*$B$10 -> 0 | AC28: =N28*$C$6 -> 0 | AD28: =O28*$C$7 -> 0 | AE28: =P28*$C$8 -> 0 | AF28: =Q28*$C$9 -> 0 | AG28: =R28*$C$10 -> 0 | AH28: =(S28*S28+T28*T28+U28*U28+V28*V28+W28*W28)^0.5 -> 0 | AI28: =AH28*$B$15 -> 0 | AJ28: =SUM(X28:AB28) -> 0 | AK28: =IF(AI28=0,0,AI28/AJ28) -> 0 | AL28: =AJ28/$B$2 -> 0
A29: Deg2017 | B29: ='TNT 2015-2022'!B28 -> $AO | C29: =COUNTIFS( INDIRECT("'" & $B$17 & "'!" & $B$18 & ":" & $B$18), C$19, INDIRECT("'" & $B$17 & "'!" & $B$12 & ":" & $B$12), "*" & $B$4 & "*", INDIRECT("'" & $B$17 & "'!" & $B$13 & ":" & $B$13), $A$1, INDIRECT("'" & $B$17 & "'!" & $B$19 & ":" & $B$19), $A29 ) -> 0 | D29: =COUNTIFS( INDIRECT("'" & $B$17 & "'!" & $B$18 & ":" & $B$18), D$19, INDIRECT("'" & $B$17 & "'!" & $B$12 & ":" & $B$12), "*" & $B$4 & "*", INDIRECT("'" & $B$17 & "'!" & $B$13 & ":" & $B$13), $A$1, INDIRECT("'" & $B$17 & "'!" & $B$19 & ":" & $B$19), $A29 ) -> 0 | E29: =COUNTIFS( INDIRECT("'" & $B$17 & "'!" & $B$18 & ":" & $B$18), E$19, INDIRECT("'" & $B$17 & "'!" & $B$12 & ":" & $B$12), "*" & $B$4 & "*", INDIRECT("'" & $B$17 & "'!" & $B$13 & ":" & $B$13), $A$1, INDIRECT("'" & $B$17 & "'!" & $B$19 & ":" & $B$19), $A29 ) -> 0 | F29: =COUNTIFS( INDIRECT("'" & $B$17 & "'!" & $B$18 & ":" & $B$18), F$19, INDIRECT("'" & $B$17 & "'!" & $B$12 & ":" & $B$12), "*" & $B$4 & "*", INDIRECT("'" & $B$17 & "'!" & $B$13 & ":" & $B$13), $A$1, INDIRECT("'" & $B$17 & "'!" & $B$19 & ":" & $B$19), $A29 ) -> 0 | G29: =COUNTIFS( INDIRECT("'" & $B$17 & "'!" & $B$18 & ":" & $B$18), G$19, INDIRECT("'" & $B$17 & "'!" & $B$12 & ":" & $B$12), "*" & $B$4 & "*", INDIRECT("'" & $B$17 & "'!" & $B$13 & ":" & $B$13), $A$1, INDIRECT("'" & $B$17 & "'!" & $B$19 & ":" & $B$19), $A29 ) -> 0 | H29: =SUM(C29:G29) -> 0 | I29: =IFERROR(__xludf.DUMMYFUNCTION("IFERROR( VAR.S( FILTER( INDIRECT(""'"" & $B$17 & ""'!"" & $B29 & "":"" & $B29), (INDIRECT(""'"" & $B$17 & ""'!"" & $B$18 & "":"" & $B$18) = I$19) * (ISNUMBER(SEARCH($B$4, INDIRECT(""'"" & $B$17 & ""'!"" & $"&"B$12 & "":"" & $B$12)))) * (INDIRECT(""'"" & $B$17 & ""'!"" & $B$13 & "":"" & $B$13) = $A$1) ) )/$D$6, 0 ) "),0.0) -> 0 | J29: =IFERROR(__xludf.DUMMYFUNCTION("IFERROR( VAR.S( FILTER( INDIRECT(""'"" & $B$17 & ""'!"" & $B29 & "":"" & $B29), (INDIRECT(""'"" & $B$17 & ""'!"" & $B$18 & "":"" & $B$18) = J$19) * (ISNUMBER(SEARCH($B$4, INDIRECT(""'"" & $B$17 & ""'!"" & $"&"B$12 & "":"" & $B$12)))) * (INDIRECT(""'"" & $B$17 & ""'!"" & $B$13 & "":"" & $B$13) = $A$1) ) )/$D$7, 0 ) "),0.0) -> 0 | K29: =IFERROR(__xludf.DUMMYFUNCTION("IFERROR( VAR.S( FILTER( INDIRECT(""'"" & $B$17 & ""'!"" & $B29 & "":"" & $B29), (INDIRECT(""'"" & $B$17 & ""'!"" & $B$18 & "":"" & $B$18) = K$19) * (ISNUMBER(SEARCH($B$4, INDIRECT(""'"" & $B$17 & ""'!"" & $"&"B$12 & "":"" & $B$12)))) * (INDIRECT(""'"" & $B$17 & ""'!"" & $B$13 & "":"" & $B$13) = $A$1) ) )/$D$8, 0 ) "),0.0) -> 0 | L29: =IFERROR(__xludf.DUMMYFUNCTION("IFERROR( VAR.S( FILTER( INDIRECT(""'"" & $B$17 & ""'!"" & $B29 & "":"" & $B29), (INDIRECT(""'"" & $B$17 & ""'!"" & $B$18 & "":"" & $B$18) = L$19) * (ISNUMBER(SEARCH($B$4, INDIRECT(""'"" & $B$17 & ""'!"" & $"&"B$12 & "":"" & $B$12)))) * (INDIRECT(""'"" & $B$17 & ""'!"" & $B$13 & "":"" & $B$13) = $A$1) ) )/$D$9, 0 ) "),0.0) -> 0 | M29: =IFERROR(__xludf.DUMMYFUNCTION("IFERROR( VAR.S( FILTER( INDIRECT(""'"" & $B$17 & ""'!"" & $B29 & "":"" & $B29), (INDIRECT(""'"" & $B$17 & ""'!"" & $B$18 & "":"" & $B$18) = M$19) * (ISNUMBER(SEARCH($B$4, INDIRECT(""'"" & $B$17 & ""'!"" & $"&"B$12 & "":"" & $B$12)))) * (INDIRECT(""'"" & $B$17 & ""'!"" & $B$13 & "":"" & $B$13) = $A$1) ) )/$D$10, 0 ) "),0.0) -> 0 | N29: =IFERROR(__xludf.DUMMYFUNCTION("IFERROR( AVERAGE( FILTER( INDIRECT(""'"" & $B$17 & ""'!"" & $B29 & "":"" & $B29), (INDIRECT(""'"" & $B$17 & ""'!"" & $B$18 & "":"" & $B$18) = N$19) * (ISNUMBER(SEARCH($B$4, INDIRECT(""'"" & $B$17 & ""'!"" &"&" $B$12 & "":"" & $B$12)))) * (INDIRECT(""'"" & $B$17 & ""'!"" & $B$13 & "":"" & $B$13) = $A$1) ) ), 0 )"),0.0) -> 0 | O29: =IFERROR(__xludf.DUMMYFUNCTION("IFERROR( AVERAGE( FILTER( INDIRECT(""'"" & $B$17 & ""'!"" & $B29 & "":"" & $B29), (INDIRECT(""'"" & $B$17 & ""'!"" & $B$18 & "":"" & $B$18) = O$19) * (ISNUMBER(SEARCH($B$4, INDIRECT(""'"" & $B$17 & ""'!"" &"&" $B$12 & "":"" & $B$12)))) * (INDIRECT(""'"" & $B$17 & ""'!"" & $B$13 & "":"" & $B$13) = $A$1) ) ), 0 )"),0.0) -> 0 | P29: =IFERROR(__xludf.DUMMYFUNCTION("IFERROR( AVERAGE( FILTER( INDIRECT(""'"" & $B$17 & ""'!"" & $B29 & "":"" & $B29), (INDIRECT(""'"" & $B$17 & ""'!"" & $B$18 & "":"" & $B$18) = P$19) * (ISNUMBER(SEARCH($B$4, INDIRECT(""'"" & $B$17 & ""'!"" &"&" $B$12 & "":"" & $B$12)))) * (INDIRECT(""'"" & $B$17 & ""'!"" & $B$13 & "":"" & $B$13) = $A$1) ) ), 0 )"),0.0) -> 0 | Q29: =IFERROR(__xludf.DUMMYFUNCTION("IFERROR( AVERAGE( FILTER( INDIRECT(""'"" & $B$17 & ""'!"" & $B29 & "":"" & $B29), (INDIRECT(""'"" & $B$17 & ""'!"" & $B$18 & "":"" & $B$18) = Q$19) * (ISNUMBER(SEARCH($B$4, INDIRECT(""'"" & $B$17 & ""'!"" &"&" $B$12 & "":"" & $B$12)))) * (INDIRECT(""'"" & $B$17 & ""'!"" & $B$13 & "":"" & $B$13) = $A$1) ) ), 0 )"),0.0) -> 0 | R29: =IFERROR(__xludf.DUMMYFUNCTION("IFERROR( AVERAGE( FILTER( INDIRECT(""'"" & $B$17 & ""'!"" & $B29 & "":"" & $B29), (INDIRECT(""'"" & $B$17 & ""'!"" & $B$18 & "":"" & $B$18) = R$19) * (ISNUMBER(SEARCH($B$4, INDIRECT(""'"" & $B$17 & ""'!"" &"&" $B$12 & "":"" & $B$12)))) * (INDIRECT(""'"" & $B$17 & ""'!"" & $B$13 & "":"" & $B$13) = $A$1) ) ), 0 )"),0.0) -> 0 | S29: =($B$6^2*I29)^0.5 -> 0 | T29: =($B$7^2*J29)^0.5 -> 0 | U29: =($B$8^2*K29)^0.5 -> 0 | V29: =($B$9^2*L29)^0.5 -> 0 | W29: =($B$10^2*M29)^0.5 -> 0 | X29: =N29*$B$6 -> 0 | Y29: =O29*$B$7 -> 0 | Z29: =P29*$B$8 -> 0 | AA29: =Q29*$B$9 -> 0 | AB29: =R29*$B$10 -> 0 | AC29: =N29*$C$6 -> 0 | AD29: =O29*$C$7 -> 0 | AE29: =P29*$C$8 -> 0 | AF29: =Q29*$C$9 -> 0 | AG29: =R29*$C$10 -> 0 | AH29: =(S29*S29+T29*T29+U29*U29+V29*V29+W29*W29)^0.5 -> 0 | AI29: =AH29*$B$15 -> 0 | AJ29: =SUM(X29:AB29) -> 0 | AK29: =IF(AI29=0,0,AI29/AJ29) -> 0 | AL29: =AJ29/$B$2 -> 0
A30: Deg2018 | B30: ='TNT 2015-2022'!B29 -> $AP | C30: =COUNTIFS( INDIRECT("'" & $B$17 & "'!" & $B$18 & ":" & $B$18), C$19, INDIRECT("'" & $B$17 & "'!" & $B$12 & ":" & $B$12), "*" & $B$4 & "*", INDIRECT("'" & $B$17 & "'!" & $B$13 & ":" & $B$13), $A$1, INDIRECT("'" & $B$17 & "'!" & $B$19 & ":" & $B$19), $A30 ) -> 0 | D30: =COUNTIFS( INDIRECT("'" & $B$17 & "'!" & $B$18 & ":" & $B$18), D$19, INDIRECT("'" & $B$17 & "'!" & $B$12 & ":" & $B$12), "*" & $B$4 & "*", INDIRECT("'" & $B$17 & "'!" & $B$13 & ":" & $B$13), $A$1, INDIRECT("'" & $B$17 & "'!" & $B$19 & ":" & $B$19), $A30 ) -> 0 | E30: =COUNTIFS( INDIRECT("'" & $B$17 & "'!" & $B$18 & ":" & $B$18), E$19, INDIRECT("'" & $B$17 & "'!" & $B$12 & ":" & $B$12), "*" & $B$4 & "*", INDIRECT("'" & $B$17 & "'!" & $B$13 & ":" & $B$13), $A$1, INDIRECT("'" & $B$17 & "'!" & $B$19 & ":" & $B$19), $A30 ) -> 0 | F30: =COUNTIFS( INDIRECT("'" & $B$17 & "'!" & $B$18 & ":" & $B$18), F$19, INDIRECT("'" & $B$17 & "'!" & $B$12 & ":" & $B$12), "*" & $B$4 & "*", INDIRECT("'" & $B$17 & "'!" & $B$13 & ":" & $B$13), $A$1, INDIRECT("'" & $B$17 & "'!" & $B$19 & ":" & $B$19), $A30 ) -> 0 | G30: =COUNTIFS( INDIRECT("'" & $B$17 & "'!" & $B$18 & ":" & $B$18), G$19, INDIRECT("'" & $B$17 & "'!" & $B$12 & ":" & $B$12), "*" & $B$4 & "*", INDIRECT("'" & $B$17 & "'!" & $B$13 & ":" & $B$13), $A$1, INDIRECT("'" & $B$17 & "'!" & $B$19 & ":" & $B$19), $A30 ) -> 0 | H30: =SUM(C30:G30) -> 0 | I30: =IFERROR(__xludf.DUMMYFUNCTION("IFERROR( VAR.S( FILTER( INDIRECT(""'"" & $B$17 & ""'!"" & $B30 & "":"" & $B30), (INDIRECT(""'"" & $B$17 & ""'!"" & $B$18 & "":"" & $B$18) = I$19) * (ISNUMBER(SEARCH($B$4, INDIRECT(""'"" & $B$17 & ""'!"" & $"&"B$12 & "":"" & $B$12)))) * (INDIRECT(""'"" & $B$17 & ""'!"" & $B$13 & "":"" & $B$13) = $A$1) ) )/$D$6, 0 ) "),0.0) -> 0 | J30: =IFERROR(__xludf.DUMMYFUNCTION("IFERROR( VAR.S( FILTER( INDIRECT(""'"" & $B$17 & ""'!"" & $B30 & "":"" & $B30), (INDIRECT(""'"" & $B$17 & ""'!"" & $B$18 & "":"" & $B$18) = J$19) * (ISNUMBER(SEARCH($B$4, INDIRECT(""'"" & $B$17 & ""'!"" & $"&"B$12 & "":"" & $B$12)))) * (INDIRECT(""'"" & $B$17 & ""'!"" & $B$13 & "":"" & $B$13) = $A$1) ) )/$D$7, 0 ) "),0.0) -> 0 | K30: =IFERROR(__xludf.DUMMYFUNCTION("IFERROR( VAR.S( FILTER( INDIRECT(""'"" & $B$17 & ""'!"" & $B30 & "":"" & $B30), (INDIRECT(""'"" & $B$17 & ""'!"" & $B$18 & "":"" & $B$18) = K$19) * (ISNUMBER(SEARCH($B$4, INDIRECT(""'"" & $B$17 & ""'!"" & $"&"B$12 & "":"" & $B$12)))) * (INDIRECT(""'"" & $B$17 & ""'!"" & $B$13 & "":"" & $B$13) = $A$1) ) )/$D$8, 0 ) "),0.0) -> 0 | L30: =IFERROR(__xludf.DUMMYFUNCTION("IFERROR( VAR.S( FILTER( INDIRECT(""'"" & $B$17 & ""'!"" & $B30 & "":"" & $B30), (INDIRECT(""'"" & $B$17 & ""'!"" & $B$18 & "":"" & $B$18) = L$19) * (ISNUMBER(SEARCH($B$4, INDIRECT(""'"" & $B$17 & ""'!"" & $"&"B$12 & "":"" & $B$12)))) * (INDIRECT(""'"" & $B$17 & ""'!"" & $B$13 & "":"" & $B$13) = $A$1) ) )/$D$9, 0 ) "),0.0) -> 0 | M30: =IFERROR(__xludf.DUMMYFUNCTION("IFERROR( VAR.S( FILTER( INDIRECT(""'"" & $B$17 & ""'!"" & $B30 & "":"" & $B30), (INDIRECT(""'"" & $B$17 & ""'!"" & $B$18 & "":"" & $B$18) = M$19) * (ISNUMBER(SEARCH($B$4, INDIRECT(""'"" & $B$17 & ""'!"" & $"&"B$12 & "":"" & $B$12)))) * (INDIRECT(""'"" & $B$17 & ""'!"" & $B$13 & "":"" & $B$13) = $A$1) ) )/$D$10, 0 ) "),0.0) -> 0 | N30: =IFERROR(__xludf.DUMMYFUNCTION("IFERROR( AVERAGE( FILTER( INDIRECT(""'"" & $B$17 & ""'!"" & $B30 & "":"" & $B30), (INDIRECT(""'"" & $B$17 & ""'!"" & $B$18 & "":"" & $B$18) = N$19) * (ISNUMBER(SEARCH($B$4, INDIRECT(""'"" & $B$17 & ""'!"" &"&" $B$12 & "":"" & $B$12)))) * (INDIRECT(""'"" & $B$17 & ""'!"" & $B$13 & "":"" & $B$13) = $A$1) ) ), 0 )"),0.0) -> 0 | O30: =IFERROR(__xludf.DUMMYFUNCTION("IFERROR( AVERAGE( FILTER( INDIRECT(""'"" & $B$17 & ""'!"" & $B30 & "":"" & $B30), (INDIRECT(""'"" & $B$17 & ""'!"" & $B$18 & "":"" & $B$18) = O$19) * (ISNUMBER(SEARCH($B$4, INDIRECT(""'"" & $B$17 & ""'!"" &"&" $B$12 & "":"" & $B$12)))) * (INDIRECT(""'"" & $B$17 & ""'!"" & $B$13 & "":"" & $B$13) = $A$1) ) ), 0 )"),0.0) -> 0 | P30: =IFERROR(__xludf.DUMMYFUNCTION("IFERROR( AVERAGE( FILTER( INDIRECT(""'"" & $B$17 & ""'!"" & $B30 & "":"" & $B30), (INDIRECT(""'"" & $B$17 & ""'!"" & $B$18 & "":"" & $B$18) = P$19) * (ISNUMBER(SEARCH($B$4, INDIRECT(""'"" & $B$17 & ""'!"" &"&" $B$12 & "":"" & $B$12)))) * (INDIRECT(""'"" & $B$17 & ""'!"" & $B$13 & "":"" & $B$13) = $A$1) ) ), 0 )"),0.0) -> 0 | Q30: =IFERROR(__xludf.DUMMYFUNCTION("IFERROR( AVERAGE( FILTER( INDIRECT(""'"" & $B$17 & ""'!"" & $B30 & "":"" & $B30), (INDIRECT(""'"" & $B$17 & ""'!"" & $B$18 & "":"" & $B$18) = Q$19) * (ISNUMBER(SEARCH($B$4, INDIRECT(""'"" & $B$17 & ""'!"" &"&" $B$12 & "":"" & $B$12)))) * (INDIRECT(""'"" & $B$17 & ""'!"" & $B$13 & "":"" & $B$13) = $A$1) ) ), 0 )"),0.0) -> 0 | R30: =IFERROR(__xludf.DUMMYFUNCTION("IFERROR( AVERAGE( FILTER( INDIRECT(""'"" & $B$17 & ""'!"" & $B30 & "":"" & $B30), (INDIRECT(""'"" & $B$17 & ""'!"" & $B$18 & "":"" & $B$18) = R$19) * (ISNUMBER(SEARCH($B$4, INDIRECT(""'"" & $B$17 & ""'!"" &"&" $B$12 & "":"" & $B$12)))) * (INDIRECT(""'"" & $B$17 & ""'!"" & $B$13 & "":"" & $B$13) = $A$1) ) ), 0 )"),0.0) -> 0 | S30: =($B$6^2*I30)^0.5 -> 0 | T30: =($B$7^2*J30)^0.5 -> 0 | U30: =($B$8^2*K30)^0.5 -> 0 | V30: =($B$9^2*L30)^0.5 -> 0 | W30: =($B$10^2*M30)^0.5 -> 0 | X30: =N30*$B$6 -> 0 | Y30: =O30*$B$7 -> 0 | Z30: =P30*$B$8 -> 0 | AA30: =Q30*$B$9 -> 0 | AB30: =R30*$B$10 -> 0 | AC30: =N30*$C$6 -> 0 | AD30: =O30*$C$7 -> 0 | AE30: =P30*$C$8 -> 0 | AF30: =Q30*$C$9 -> 0 | AG30: =R30*$C$10 -> 0 | AH30: =(S30*S30+T30*T30+U30*U30+V30*V30+W30*W30)^0.5 -> 0 | AI30: =AH30*$B$15 -> 0 | AJ30: =SUM(X30:AB30) -> 0 | AK30: =IF(AI30=0,0,AI30/AJ30) -> 0 | AL30: =AJ30/$B$2 -> 0
A31: Deg2019 | B31: ='TNT 2015-2022'!B30 -> $AQ | C31: =COUNTIFS( INDIRECT("'" & $B$17 & "'!" & $B$18 & ":" & $B$18), C$19, INDIRECT("'" & $B$17 & "'!" & $B$12 & ":" & $B$12), "*" & $B$4 & "*", INDIRECT("'" & $B$17 & "'!" & $B$13 & ":" & $B$13), $A$1, INDIRECT("'" & $B$17 & "'!" & $B$19 & ":" & $B$19), $A31 ) -> 0 | D31: =COUNTIFS( INDIRECT("'" & $B$17 & "'!" & $B$18 & ":" & $B$18), D$19, INDIRECT("'" & $B$17 & "'!" & $B$12 & ":" & $B$12), "*" & $B$4 & "*", INDIRECT("'" & $B$17 & "'!" & $B$13 & ":" & $B$13), $A$1, INDIRECT("'" & $B$17 & "'!" & $B$19 & ":" & $B$19), $A31 ) -> 0 | E31: =COUNTIFS( INDIRECT("'" & $B$17 & "'!" & $B$18 & ":" & $B$18), E$19, INDIRECT("'" & $B$17 & "'!" & $B$12 & ":" & $B$12), "*" & $B$4 & "*", INDIRECT("'" & $B$17 & "'!" & $B$13 & ":" & $B$13), $A$1, INDIRECT("'" & $B$17 & "'!" & $B$19 & ":" & $B$19), $A31 ) -> 0 | F31: =COUNTIFS( INDIRECT("'" & $B$17 & "'!" & $B$18 & ":" & $B$18), F$19, INDIRECT("'" & $B$17 & "'!" & $B$12 & ":" & $B$12), "*" & $B$4 & "*", INDIRECT("'" & $B$17 & "'!" & $B$13 & ":" & $B$13), $A$1, INDIRECT("'" & $B$17 & "'!" & $B$19 & ":" & $B$19), $A31 ) -> 0 | G31: =COUNTIFS( INDIRECT("'" & $B$17 & "'!" & $B$18 & ":" & $B$18), G$19, INDIRECT("'" & $B$17 & "'!" & $B$12 & ":" & $B$12), "*" & $B$4 & "*", INDIRECT("'" & $B$17 & "'!" & $B$13 & ":" & $B$13), $A$1, INDIRECT("'" & $B$17 & "'!" & $B$19 & ":" & $B$19), $A31 ) -> 0 | H31: =SUM(C31:G31) -> 0 | I31: =IFERROR(__xludf.DUMMYFUNCTION("IFERROR( VAR.S( FILTER( INDIRECT(""'"" & $B$17 & ""'!"" & $B31 & "":"" & $B31), (INDIRECT(""'"" & $B$17 & ""'!"" & $B$18 & "":"" & $B$18) = I$19) * (ISNUMBER(SEARCH($B$4, INDIRECT(""'"" & $B$17 & ""'!"" & $"&"B$12 & "":"" & $B$12)))) * (INDIRECT(""'"" & $B$17 & ""'!"" & $B$13 & "":"" & $B$13) = $A$1) ) )/$D$6, 0 ) "),0.0) -> 0 | J31: =IFERROR(__xludf.DUMMYFUNCTION("IFERROR( VAR.S( FILTER( INDIRECT(""'"" & $B$17 & ""'!"" & $B31 & "":"" & $B31), (INDIRECT(""'"" & $B$17 & ""'!"" & $B$18 & "":"" & $B$18) = J$19) * (ISNUMBER(SEARCH($B$4, INDIRECT(""'"" & $B$17 & ""'!"" & $"&"B$12 & "":"" & $B$12)))) * (INDIRECT(""'"" & $B$17 & ""'!"" & $B$13 & "":"" & $B$13) = $A$1) ) )/$D$7, 0 ) "),0.0) -> 0 | K31: =IFERROR(__xludf.DUMMYFUNCTION("IFERROR( VAR.S( FILTER( INDIRECT(""'"" & $B$17 & ""'!"" & $B31 & "":"" & $B31), (INDIRECT(""'"" & $B$17 & ""'!"" & $B$18 & "":"" & $B$18) = K$19) * (ISNUMBER(SEARCH($B$4, INDIRECT(""'"" & $B$17 & ""'!"" & $"&"B$12 & "":"" & $B$12)))) * (INDIRECT(""'"" & $B$17 & ""'!"" & $B$13 & "":"" & $B$13) = $A$1) ) )/$D$8, 0 ) "),0.0) -> 0 | L31: =IFERROR(__xludf.DUMMYFUNCTION("IFERROR( VAR.S( FILTER( INDIRECT(""'"" & $B$17 & ""'!"" & $B31 & "":"" & $B31), (INDIRECT(""'"" & $B$17 & ""'!"" & $B$18 & "":"" & $B$18) = L$19) * (ISNUMBER(SEARCH($B$4, INDIRECT(""'"" & $B$17 & ""'!"" & $"&"B$12 & "":"" & $B$12)))) * (INDIRECT(""'"" & $B$17 & ""'!"" & $B$13 & "":"" & $B$13) = $A$1) ) )/$D$9, 0 ) "),0.0) -> 0 | M31: =IFERROR(__xludf.DUMMYFUNCTION("IFERROR( VAR.S( FILTER( INDIRECT(""'"" & $B$17 & ""'!"" & $B31 & "":"" & $B31), (INDIRECT(""'"" & $B$17 & ""'!"" & $B$18 & "":"" & $B$18) = M$19) * (ISNUMBER(SEARCH($B$4, INDIRECT(""'"" & $B$17 & ""'!"" & $"&"B$12 & "":"" & $B$12)))) * (INDIRECT(""'"" & $B$17 & ""'!"" & $B$13 & "":"" & $B$13) = $A$1) ) )/$D$10, 0 ) "),0.0) -> 0 | N31: =IFERROR(__xludf.DUMMYFUNCTION("IFERROR( AVERAGE( FILTER( INDIRECT(""'"" & $B$17 & ""'!"" & $B31 & "":"" & $B31), (INDIRECT(""'"" & $B$17 & ""'!"" & $B$18 & "":"" & $B$18) = N$19) * (ISNUMBER(SEARCH($B$4, INDIRECT(""'"" & $B$17 & ""'!"" &"&" $B$12 & "":"" & $B$12)))) * (INDIRECT(""'"" & $B$17 & ""'!"" & $B$13 & "":"" & $B$13) = $A$1) ) ), 0 )"),0.0) -> 0 | O31: =IFERROR(__xludf.DUMMYFUNCTION("IFERROR( AVERAGE( FILTER( INDIRECT(""'"" & $B$17 & ""'!"" & $B31 & "":"" & $B31), (INDIRECT(""'"" & $B$17 & ""'!"" & $B$18 & "":"" & $B$18) = O$19) * (ISNUMBER(SEARCH($B$4, INDIRECT(""'"" & $B$17 & ""'!"" &"&" $B$12 & "":"" & $B$12)))) * (INDIRECT(""'"" & $B$17 & ""'!"" & $B$13 & "":"" & $B$13) = $A$1) ) ), 0 )"),0.0) -> 0 | P31: =IFERROR(__xludf.DUMMYFUNCTION("IFERROR( AVERAGE( FILTER( INDIRECT(""'"" & $B$17 & ""'!"" & $B31 & "":"" & $B31), (INDIRECT(""'"" & $B$17 & ""'!"" & $B$18 & "":"" & $B$18) = P$19) * (ISNUMBER(SEARCH($B$4, INDIRECT(""'"" & $B$17 & ""'!"" &"&" $B$12 & "":"" & $B$12)))) * (INDIRECT(""'"" & $B$17 & ""'!"" & $B$13 & "":"" & $B$13) = $A$1) ) ), 0 )"),0.0) -> 0 | Q31: =IFERROR(__xludf.DUMMYFUNCTION("IFERROR( AVERAGE( FILTER( INDIRECT(""'"" & $B$17 & ""'!"" & $B31 & "":"" & $B31), (INDIRECT(""'"" & $B$17 & ""'!"" & $B$18 & "":"" & $B$18) = Q$19) * (ISNUMBER(SEARCH($B$4, INDIRECT(""'"" & $B$17 & ""'!"" &"&" $B$12 & "":"" & $B$12)))) * (INDIRECT(""'"" & $B$17 & ""'!"" & $B$13 & "":"" & $B$13) = $A$1) ) ), 0 )"),0.0) -> 0 | R31: =IFERROR(__xludf.DUMMYFUNCTION("IFERROR( AVERAGE( FILTER( INDIRECT(""'"" & $B$17 & ""'!"" & $B31 & "":"" & $B31), (INDIRECT(""'"" & $B$17 & ""'!"" & $B$18 & "":"" & $B$18) = R$19) * (ISNUMBER(SEARCH($B$4, INDIRECT(""'"" & $B$17 & ""'!"" &"&" $B$12 & "":"" & $B$12)))) * (INDIRECT(""'"" & $B$17 & ""'!"" & $B$13 & "":"" & $B$13) = $A$1) ) ), 0 )"),0.0) -> 0 | S31: =($B$6^2*I31)^0.5 -> 0 | T31: =($B$7^2*J31)^0.5 -> 0 | U31: =($B$8^2*K31)^0.5 -> 0 | V31: =($B$9^2*L31)^0.5 -> 0 | W31: =($B$10^2*M31)^0.5 -> 0 | X31: =N31*$B$6 -> 0 | Y31: =O31*$B$7 -> 0 | Z31: =P31*$B$8 -> 0 | AA31: =Q31*$B$9 -> 0 | AB31: =R31*$B$10 -> 0 | AC31: =N31*$C$6 -> 0 | AD31: =O31*$C$7 -> 0 | AE31: =P31*$C$8 -> 0 | AF31: =Q31*$C$9 -> 0 | AG31: =R31*$C$10 -> 0 | AH31: =(S31*S31+T31*T31+U31*U31+V31*V31+W31*W31)^0.5 -> 0 | AI31: =AH31*$B$15 -> 0 | AJ31: =SUM(X31:AB31) -> 0 | AK31: =IF(AI31=0,0,AI31/AJ31) -> 0 | AL31: =AJ31/$B$2 -> 0
